"","X","evar","svar","mvar","m1m3pval","m2m3pval","m1_svar_beta","m1_svar_pval","m1_svar_lci","m1_svar_uci","m1_model_rsq","m1_model_pval","m2_svar_beta","m2_svar_pval","m2_svar_lci","m2_svar_uci","m2_mvar_beta","m2_mvar_pval","m2_mvar_lci","m2_mvar_uci","m2_model_rsq","m2_model_pval","m3_svar_beta","m3_svar_pval","m3_svar_lci","m3_svar_uci","m3_mvar_beta","m3_mvar_pval","m3_mvar_lci","m3_mvar_uci","m3_svar_mvar_beta","m3_svar_mvar_pval","m3_svar_mvar_lci","m3_svar_mvar_uci","m3_model_rsq","m3_model_pval","m1m2pval","clus1label","clus1.coef.svar.L","clus1.ci.2.5..","clus1.ci.97.5..","clus1.pval","clus1.modelpval.value","clus1.rsquare","clus2label","clus2.coef.svar.L","clus2.ci.2.5..","clus2.ci.97.5..","clus2.pval","clus2.modelpval.value","clus2.rsquare","svar_percent","mvar_percent","svar.mvar_percent","m3r2","m4svarbeta","m4svarpval","m4r2","ctcf_id","cor_cpg_ctcf","cor_cpg_ctcf_fdr","chr","cpg_pos","ctcf_mid","snp_pos","snp_ref","snp_alt","atac_id","atac_start","atac_end","snp2atac_mid","tss_pos","gene_type","gene_strand","sigGroup","snp2cpg","snp2gene","cpg2gene","cpg2ctcf_mid","overlap"
"rs7591327_chr2:85288775_ATOH8",636,"ATOH8","rs7591327","chr2:85288775",0.0166600440701022,0.00445383800067725,0.519015449797319,0.0576709053752181,-0.0171458867935746,1.05517678638821,0.0205895946405344,0.0576709053752178,0.518913295111081,0.058656797526782,-0.0192828504625173,1.05710944068468,-0.145863850923566,0.793672701479827,-1.24726887713193,0.955541175284795,0.0132965918081712,0.160622922166755,3.79180678879824,0.00140048984160409,1.49544115394253,6.08817242365395,3.20130313759049,0.0133763531517585,0.67646592774597,5.726140347435,-5.27901266831064,0.00445383800067723,-8.88559569779628,-1.67242963882501,0.0683968875111757,0.00811442918828124,0.793672701479816,"Low_0.2_0.44_0.52",0.829920494326672,0.351032333451635,1.30880865520171,0.00119218264449695,0.00119218264449695,0.22967905181278,"High_0.53_0.7_1",0.0160832815988993,-0.278379622019873,0.310546185217671,0.91380048179022,0.91380048179022,-0.0113572482936248,0.312996329989719,0.00596592954409806,0.681037740466183,0.0683968875111756,-0.00446128852801079,0.987189611491258,2.05415958354899e-06,"CTCF45080",-0.69349295404821,0.0190755210263056,"chr2",85288775,85288876.5,84946394,"C","T","PRAD_14076",84946362,84946863,-218.5,85751344,"protein_coding","+","sigLow",-342381,-804950,-462569,-101.5,"Within"
"rs403523_chr2:70643912_C2orf42",1015,"C2orf42","rs403523","chr2:70643912",0.0103907819673106,0.00432594937332828,-0.0939919379570152,0.749669520556732,-0.675676104325286,0.487692228411256,-0.00711918115201016,0.749669520556733,-0.154172893932625,0.608515178885209,-0.748395600137182,0.440049812271932,-0.707634962265857,0.326389418148857,-2.129054450393,0.713784525861283,-0.00735280408438199,0.586129032169786,2.51346941938113,0.0101638318788395,0.607534191440944,4.41940464732131,0.87261355449028,0.325778092311011,-0.878057021186177,2.62328413016674,-7.03640485481029,0.00432594937332826,-11.8274901406787,-2.24531956894192,0.0493072483484417,0.0258948846426194,0.326389418148858,"Low_0.16_0.34_0.45",0.130523775810661,-0.169612672954259,0.430660224575581,0.389264701453893,0.389264701453893,-0.00317996253213892,"High_0.47_0.55_0.75",-0.519648791836981,-0.953899863786919,-0.0853977198870439,0.0200702699296699,0.0200702699296698,0.0926997838147043,0.0202210702486769,0.0983753498406796,0.881403579910644,0.0493072483484419,-0.677485050842483,0.0212703920330744,0.041385255959284,"CTCF44649",-0.717920407781888,0.0136509424024564,"chr2",70643912,70643916.5,71181588,"T","G","PRAD_13770",71181275,71181776,62.5,70248615,"protein_coding","-","sigHigh",537676,932973,395297,-4.5,"Within"
"rs58946049_chr1:201348458_CAMSAP2",1108,"CAMSAP2","rs58946049","chr1:201348458",0.000113896650457987,0.0219379905707227,0.44745699682421,0.088060142480179,-0.0676540678341465,0.962568061482567,0.0151614730641094,0.0880601424801793,0.376521818938426,0.132771102952749,-0.115956509012514,0.869000146889366,-1.58838311033069,0.000321441362466019,-2.43795138443495,-0.738814836226425,0.105284742173121,0.000354361046160431,1.817835652123,0.00739497162028432,0.496664734987942,3.13900656925805,-0.550782172085834,0.372027478848183,-1.76756842981869,0.666004085647026,-2.69359968097158,0.0219379905707229,-4.99094909790283,-0.39625026404033,0.135611007460513,9.94788838020898e-05,0.000321441362466019,"Low_0_0.49_0.69",0.334873435052932,0.0696626554384963,0.600084214667368,0.0138903303517578,0.0138903303517578,0.0527030598702379,"High_0.7_0.8_1",-0.505176312337648,-1.03206126729212,0.0217086426168284,0.0595716503594725,0.0595716503594725,0.0837689761034016,0.125123866285069,0.639953476373249,0.234922657341682,0.135611007460512,-0.229755551039104,0.387397893585003,0.00593519685575366,"CTCF72788",-0.783740873476623,0.0107772479313534,"chr1",201348458,201348349.5,201565443,"G","T","PRAD_8505",201565090,201565591,102.5,200739558,"protein_coding","+","sigLow",216985,825885,608900,108.5,"Within"
"rs639963_chr1:201348458_CAMSAP2",1111,"CAMSAP2","rs639963","chr1:201348458",4.52281919416973e-05,0.0115130606049338,0.466602529672361,0.0625209823526156,-0.024761052377582,0.957966111722304,0.0195439840493594,0.0625209823526157,0.447329210298421,0.0603810348207525,-0.0198193698735468,0.914477790470389,-1.62110706279857,0.00021989185877985,-2.46404510063106,-0.778169024966083,0.114344224528517,0.00018758719730098,2.21696270219384,0.00282428708515878,0.77689290402727,3.65703250036041,-0.396432534769092,0.532769759352414,-1.65080101182544,0.857935942287258,-3.16557795863117,0.0115130606049338,-5.60840773596221,-0.722748181300123,0.152181418177781,3.13403445086167e-05,0.000219891858779853,"Low_0_0.49_0.69",0.425206061880755,0.16548082330697,0.684931300454539,0.00159908892540522,0.00159908892540521,0.0914850089137237,"High_0.7_0.8_1",-0.362015727630728,-0.919261041152009,0.195229585890554,0.194596813966944,0.194596813966944,0.0239390269915958,0.151882288461862,0.593095245417475,0.255022466120663,0.152181418177781,-0.0611652044100532,0.81005254000575,0.000460225711459734,"CTCF72788",-0.783740873476623,0.0107772479313534,"chr1",201348458,201348349.5,201559940,"G","C","PRAD_8504",201559602,201560103,87.5,200739558,"protein_coding","+","sigLow",211482,820382,608900,108.5,"Within"
"rs74136626_chr1:201348458_CAMSAP2",1116,"CAMSAP2","rs74136626","chr1:201348458",9.1780254819988e-05,0.0222623900796857,-0.38239405607509,0.44250865743801,-1.36467999238696,0.599891880236777,-0.00321101795002265,0.442508657438009,-0.306406482038986,0.51800988408398,-1.24186803830832,0.629055074230351,-1.62648987903365,0.000251565982318632,-2.48059965143512,-0.772380106632177,0.0919494469439153,0.000893346535501748,3.24870901695208,0.0450410339380612,0.0729515515169425,6.42446648238721,-1.34636907333629,0.00278176130961966,-2.21952322518932,-0.473214921483256,-5.72558488515643,0.0222623900796855,-10.6210626131862,-0.830107157126674,0.122546307814903,0.000242595261852136,0.00025156598231863,"Low_0_0.47_0.65",0.146256187223024,-0.264202446456155,0.556714820902202,0.480593612608179,0.480593612608178,-0.00582529816394772,"High_0.67_0.77_1",-0.935489805866055,-1.74580857236932,-0.125171039362787,0.0247748706752391,0.024774870675239,0.100170643722023,0.0268470629321352,0.714737465064914,0.258415472002951,0.122546307814903,0.240353707532742,0.632593419308866,0.00181952455825939,"CTCF72788",-0.783740873476623,0.0107772479313534,"chr1",201348458,201348349.5,201462078,"T","C","PRAD_8485",201461781,201462282,46.5,200739558,"protein_coding","+","sigHigh",113620,722520,608900,108.5,"Within"
"rs76274194_chr2:85288775_CAPG",1133,"CAPG","rs76274194","chr2:85288775",0.00431200669205861,0.0309615372573097,0.0666350883466847,0.859948405363463,-0.679224464616246,0.812494641309615,-0.0076865163283284,0.859948405363463,0.0500720789032149,0.892303811347678,-0.68039164039375,0.78053579820018,-1.39642763927931,0.0124608232720389,-2.48642118066849,-0.306434097890125,0.0339375603371146,0.0428517018761301,-2.85698192582274,0.0406118004227116,-5.58990836146561,-0.124055490179865,-2.08338524868961,0.00117829798078032,-3.32503243273769,-0.841738064641536,4.73663569883498,0.0309615372573097,0.440925710149966,9.03234568751999,0.0621703145314576,0.0119054554688521,0.012460823272039,"Low_0.2_0.44_0.52",-0.468987949547251,-0.928441833800927,-0.00953406529357564,0.0456610574189411,0.0456610574189409,0.0794040022863548,"High_0.53_0.7_1",0.250941203467234,-0.142317452402531,0.644199859337,0.208071663969786,0.208071663969787,0.00686844528517883,0.00230081919196656,0.580585134454773,0.41711404635326,0.0621703145314576,-0.075556269286198,0.842817139691906,0.000313250790291339,"CTCF45080",-0.69349295404821,0.0190755210263056,"chr2",85288775,85288876.5,84925969,"C","A","PRAD_14073",84925735,84926236,-16.5,85418432,"protein_coding","-","sigLow",-362806,-492463,-129657,-101.5,"Within"
"rs55637101_chr2:85288775_KCMF1",4211,"KCMF1","rs55637101","chr2:85288775",0.025543394741941,0.00772885597572735,0.541344076687149,0.0582661550490608,-0.0192318676948176,1.10192002106912,0.0204563937315739,0.0582661550490608,0.535548918323114,0.0620428000205553,-0.0273790809061083,1.09847691755234,0.256874619947836,0.645338815813759,-0.845044927919282,1.35879416781495,0.0142985553615528,0.150740627620844,3.52818307102006,0.00242324924175659,1.27283444261092,5.7835316994292,1.56184306157271,0.033428093570538,0.124584469125069,2.99910165402035,-4.95488208659595,0.00772885597572734,-8.57662815361269,-1.33313601957921,0.0618255969543605,0.0121592088779785,0.645338815813762,"Low_0.2_0.43_0.5",0.856161925260039,0.350147788829224,1.36217606169085,0.00156345679657898,0.00156345679657898,0.236196309930056,"High_0.52_0.7_1",0.0403218533757159,-0.233516398389057,0.314160105140489,0.770553383958331,0.770553383958333,-0.0101506277930266,0.331508980562919,0.0235619565954399,0.644929062841641,0.0618255969543605,0.143712255069174,0.620622976584262,0.00195021412491375,"CTCF45080",-0.69349295404821,0.0190755210263056,"chr2",85288775,85288876.5,85827687,"G","A","PRAD_14171",85827328,85827829,108.5,84971093,"protein_coding","+","sigLow",538912,856594,317682,-101.5,"Within"
"rs6664071_chr1:201348458_KIF21B",4391,"KIF21B","rs6664071","chr1:201348458",0.000394833243346959,0.00891372983371428,-0.091781453103549,0.765462536444654,-0.699328804001763,0.515765897794665,-0.00722203965043522,0.765462536444654,-0.0821814164939549,0.782813432347919,-0.67095285553342,0.50659002254551,-1.33471797145803,0.00294320391991946,-2.20559881794375,-0.463837124972311,0.0543250301968856,0.0112982620592095,2.22191851286613,0.0165415200962685,0.411945148924361,4.03189187680791,-0.327157328569827,0.569129477274812,-1.46147932941548,0.807164672275828,-4.09447250347357,0.0089137298337143,-7.14421897170469,-1.04472603524245,0.0980602505221754,0.00123179278835327,0.00294320391991949,"Low_0_0.49_0.69",0.11792468480303,-0.149839933308974,0.385689302915033,0.384111149379947,0.384111149379947,-0.00248369956378802,"High_0.7_0.8_1",-0.612445860935714,-1.14185203139135,-0.0830396904800784,0.0248281201462258,0.0248281201462258,0.128771382125146,0.00534947804893498,0.574527533296898,0.420122988654167,0.0980602505221753,0.0370035160504501,0.905126688016913,0.000113185494210075,"CTCF72788",-0.783740873476623,0.0107772479313534,"chr1",201348458,201348349.5,201448202,"C","G","PRAD_8481",201448032,201448533,-80.5,201023700,"protein_coding","-","sigHigh",99744,424502,324758,108.5,"Within"
"rs79067933_chr1:201348458_KIF21B",4396,"KIF21B","rs79067933","chr1:201348458",0.00113000142972201,0.038301034540275,-0.59419787201092,0.0790838423237562,-1.25840914012608,0.0700133961042414,0.016527085487376,0.0790838423237562,-0.613311750129519,0.0612120677785925,-1.2558929566911,0.0292694564320596,-1.35151431270156,0.00229174439550544,-2.21059213700459,-0.492436488398534,0.0800095744468157,0.00202115667046413,1.51488660280613,0.157664949744638,-0.594338566585509,3.62411177219777,-0.918489932852941,0.0557477200468037,-1.85987548022745,0.0228956145215697,-4.00063034156464,0.0383010345402751,-7.78217388653753,-0.219086796591756,0.10426348314145,0.000820831564439541,0.00229174439550545,"Low_0_0.41_0.56",0.00191337908949565,-0.338099002952256,0.341925761131247,0.991053710214524,0.991053710214523,-0.016946967041189,"High_0.57_0.71_1",-0.530261399407971,-0.934482772150596,-0.126040026665346,0.0109379399498676,0.0109379399498677,0.0815945996739276,0.199801601481352,0.553632010184939,0.246566388333709,0.10426348314145,-0.0727591763951762,0.832236764141509,0.000357491157402683,"CTCF72788",-0.783740873476623,0.0107772479313534,"chr1",201348458,201348349.5,201598128,"C","T","PRAD_8506",201597719,201598220,158.5,201023700,"protein_coding","-","sigHigh",249670,574428,324758,108.5,"Within"
"rs12403619_chr1:40949190_NFYC",5647,"NFYC","rs12403619","chr1:40949190",0.00323487286311078,0.00160589084030293,-0.124349720116558,0.765508674075277,-0.947649628382822,0.698950188149706,-0.0072223291014557,0.76550867407528,-0.0206017367374523,0.961305067853289,-0.859331117937918,0.818127644463013,-0.649617822595822,0.223685130015185,-1.70098912494953,0.401753479757888,-0.00327790606178291,0.454957972542753,-4.95829268304195,0.00218177655496387,-8.09396432823504,-1.82262103784886,-1.21118663063787,0.0269727635915891,-2.28212015619668,-0.140253105079053,8.96843089210594,0.00160589084030294,3.46581820986718,14.4710435743447,0.0669377656118733,0.00888072023162614,0.223685130015183,"Low_0_0.37_0.54",-0.5160220830836,-0.940059983176055,-0.0919841829911453,0.0176849953732317,0.0176849953732316,0.0546757833440081,"High_0.55_0.65_0.88",0.478482938915464,-0.0263740000689902,0.983339877899919,0.0626129121671691,0.062612912167169,0.0596357829815577,0.00408651412243833,0.136641089894353,0.859272395983209,0.0669377656118745,0.943585967670611,0.0234678199234126,0.0400785488163225,"CTCF68259",-0.667821435752352,0.0337991050602106,"chr1",40949190,40949064.5,40968097,"A","T","PRAD_3283",40967771,40968272,75.5,40691570,"protein_coding","+","sigLow",18907,276527,257620,125.5,"Within"
"rs905634_chr1:201348458_PHLDA3",6192,"PHLDA3","rs905634","chr1:201348458",0.0114379766545246,0.0187434080572044,-0.0567675845045412,0.854479686690411,-0.668041845267184,0.554506676258101,-0.00766638993646973,0.854479686690412,-0.0622940353159081,0.838973437694016,-0.667741965150443,0.543153894518627,-0.837799849029151,0.064887396540778,-1.72808391812527,0.0524842200669674,0.011697448028369,0.177730946091689,2.22975311310342,0.0288033052510798,0.234524918861809,4.22498130734504,0.137029115906657,0.820351442388096,-1.05474929699411,1.32880752880742,-3.99675960097971,0.0187434080572044,-7.31791825371566,-0.675600948243758,0.0473164093337243,0.0291487328082728,0.0648873965407778,"Low_0_0.42_0.57",0.392954927686892,0.0891264353843129,0.696783419989471,0.0120665467826869,0.0120665467826868,0.0803072644947839,"High_0.58_0.72_1",-0.375282142727461,-0.76726276972624,0.0166984842713169,0.06025208303185,0.06025208303185,0.0418980937200787,0.00422990856326982,0.386216617132235,0.609553474304495,0.0473164093337242,-0.0339363900227554,0.913467814632238,9.40839774856909e-05,"CTCF72788",-0.783740873476623,0.0107772479313534,"chr1",201348458,201348349.5,200915857,"C","T","PRAD_8429",200915660,200916161,-53.5,201469237,"protein_coding","-","sigLow",-432601,-553380,-120779,108.5,"Within"
"rs141773591_chr1:171985929_PIGC",6208,"PIGC","rs141773591","chr1:171985929",0.0215561379582027,0.0205369024155569,0.283609405501694,0.550957000436062,-0.655046731516699,1.22226554252009,-0.0050845772882846,0.550957000436062,0.235335211697172,0.619608640512198,-0.700588302014328,1.17125872540867,-0.956206924178077,0.129693142960711,-2.1968584627156,0.284444614359449,0.00538846513947133,0.264537032672565,-3.2366620247772,0.0389380428752374,-6.30629151298802,-0.16703253656637,-1.63931307531293,0.0175820656401884,-2.98761101733093,-0.291015133294928,7.48059292874261,0.0205369024155572,1.17065942316154,13.7905264343237,0.0399948097568638,0.0448357688072898,0.129693142960712,"Low_0_0.39_0.5",-0.221408064911542,-0.637030653210352,0.194214523387268,0.291607128489407,0.291607128489407,0.00184526557247022,"High_0.52_0.6_0.78",0.558434371626011,0.0266172374817145,1.09025150577031,0.0399327539623496,0.0399327539623497,0.0576875901768303,0.0380470009554395,0.297854296180206,0.664098702864354,0.0399948097568639,-0.360004484072607,0.452919300986678,0.0044786302681657,"CTCF71958",-0.731690469264827,0.0114412237481891,"chr1",171985929,171985835.5,171606489,"C","A","PRAD_7657",171606264,171606765,-25.5,172444086,"protein_coding","-","sigHigh",-379440,-837597,-458157,93.5,"Within"
"rs10920208_chr1:201348458_PKP1",6247,"PKP1","rs10920208","chr1:201348458",3.15704912506974e-08,0.0422701890711138,0.162791339119529,0.552274626604738,-0.377785546878177,0.703368225117234,-0.00510337782573789,0.552274626604735,0.0428742454729569,0.860498896695823,-0.438968767118315,0.524717258064229,2.38265678179225,3.29345483541542e-08,1.58248545369615,3.18282810988836,0.207142460856015,1.85712340932479e-07,-1.39532291809437,0.0620193451554182,-2.86185449232834,0.0712086561396033,1.16416958724645,0.106266407547786,-0.252029706249029,2.58036888074193,2.54136662032961,0.0422701890711137,0.0901163761479058,4.99261686451132,0.226998637806452,1.20174377132031e-07,3.29345483541538e-08,"Low_0_0.49_0.69",-0.234237620814318,-0.556253263453125,0.0877780218244893,0.15198212265133,0.151982122651331,0.0113021323864085,"High_0.7_0.8_1",0.780036184374807,0.235426158522993,1.32464621022662,0.00650110849803927,0.00650110849803927,0.19598077421153,0.00612502336302545,0.889372564517109,0.104502412119866,0.226998637806452,0.258928120077945,0.348267794448708,0.00698544462063387,"CTCF72788",-0.783740873476623,0.0107772479313534,"chr1",201348458,201348349.5,201462119,"T","C","PRAD_8485",201461781,201462282,87.5,201283452,"protein_coding","+","sigHigh",113661,178667,65006,108.5,"Within"
"rs74136626_chr1:201348458_PKP1",6280,"PKP1","rs74136626","chr1:201348458",1.3656264256543e-08,0.0173058725706321,0.688326062670484,0.165735961366103,-0.288763608277983,1.66541573361895,0.00737482531685107,0.165735961366103,0.57778459830221,0.190224017240916,-0.290435134688499,1.44600433129292,2.36610492293295,3.08052503520394e-08,1.57338933396047,3.15882051190543,0.217800663891026,7.97046100440622e-08,-2.85484290263548,0.0570922547589399,-5.79707924027572,0.0873934350047616,2.0956354033085,1.0971775426256e-06,1.28668638818229,2.9045844184347,5.52831550516961,0.0173058725706322,0.992814095415683,10.0638169149235,0.24684448578318,2.4833194082412e-08,3.08052503520399e-08,"Low_0_0.47_0.64",-0.0232188431630644,-0.417732552148135,0.371294865822007,0.907109082082148,0.907109082082148,-0.0117397764763643,"High_0.65_0.77_1",1.19274462596502,0.417964187047331,1.9675250648827,0.00342934991801816,0.00342934991801816,0.174728309518286,0.0488874870792719,0.820681073058257,0.130431439862471,0.24684448578318,0.240353707532742,0.632593419308866,0.00181952455825939,"CTCF72788",-0.783740873476623,0.0107772479313534,"chr1",201348458,201348349.5,201462078,"T","C","PRAD_8485",201461781,201462282,46.5,201283452,"protein_coding","+","sigHigh",113620,178626,65006,108.5,"Within"
"rs2182425_chr1:91166111_RP4-665J23.1",7478,"RP4-665J23.1","rs2182425","chr1:91166111",0.000305743799659332,0.0168404073215892,-0.445777756351827,0.127704155210256,-1.02111828621101,0.129562773507353,0.010526362342385,0.127704155210257,-0.37862788348372,0.179627059350449,-0.933923638984318,0.176667872016877,-3.29482042872847,0.0011988479041828,-5.26178645605502,-1.32785440140192,0.0832174622963374,0.00162475931922102,5.41861709618469,0.0262212274050168,0.651664945228701,10.1855692471407,-0.578761137571888,0.697533399802473,-3.51936904685888,2.36184677171511,-8.19448539817237,0.0168404073215893,-14.8884836711472,-1.50048712519757,0.117600388683807,0.000338472566914606,0.00119884790418281,"Low_0.52_0.63_0.69",0.252364949958935,-0.0801192901918887,0.584849190109759,0.133849042100812,0.133849042100812,0.0238215829981822,"High_0.7_0.77_0.89",-0.478235283348761,-0.794396298589956,-0.162074268107567,0.00355129874313501,0.00355129874313501,0.10108852686517,0.113631248035818,0.591741669787143,0.294627082177039,0.117600388683806,0.239904773908202,0.418055972659513,0.00521160989177454,"CTCF69846",-0.701451108803431,0.0229626534037766,"chr1",91166111,91166400,91647333,"A","C","PRAD_5038",91647009,91647510,73.5,90851657,"lincRNA","-","sigHigh",481222,795676,314454,-289,"Within"
"rs61094245_chr2:119291399_STEAP3",8314,"STEAP3","rs61094245","chr2:119291399",0.00277574253727031,0.0403427865122131,0.207788371171387,0.519101548151406,-0.428217165238106,0.843793907580879,-0.00460359817954314,0.519101548151405,0.225780935305768,0.472117294615833,-0.393787007850036,0.845348878461572,1.2177590446236,0.00588885488308931,0.35760983485387,2.07790825439334,0.0472023659372317,0.0180586438058329,1.8003742220911,0.0300575371602515,0.176617025662616,3.42413141851959,1.72280608799123,0.000665831002705357,0.746207167754453,2.699405008228,-3.82284287513802,0.0403427865122127,-7.4747016428,-0.170984107476035,0.0716584907879455,0.00662633747957066,0.00588885488308931,"Low_0.1_0.27_0.41",0.411541063823056,0.0271146839542383,0.795967443691874,0.0363138517697205,0.0363138517697204,0.0555159605648285,"High_0.42_0.6_0.93",-0.239522171182129,-0.596281750215079,0.117237407850821,0.184582711618119,0.184582711618119,0.0121419486048149,0.0385153611510575,0.626176417814401,0.335308221034542,0.0716584907879454,-0.0747842543842758,0.818232449403995,0.000420758697881529,"CTCF46078",-0.638971628100677,0.0458743926361622,"chr2",119291399,119291148,119407726,"C","T","PRAD_15278",119407656,119408157,-180.5,119223831,"protein_coding","+","sigLow",116327,183895,67568,251,"Cross"
"rs6759748_chr2:119291399_STEAP3",8320,"STEAP3","rs6759748","chr2:119291399",0.00135461602667787,0.0182097421384969,0.0762595723121819,0.779655370350496,-0.462017697890907,0.614536842515271,-0.00730809211426919,0.779655370350496,0.130232514984557,0.624661307609238,-0.395276449511858,0.655741479480972,1.22678807561214,0.00570538051813705,0.363603569557097,2.08997258166718,0.0450751945150727,0.0207594901681153,1.49338434283761,0.0186445687316629,0.253498394577311,2.73327029109792,1.98356766565243,0.000293483240732796,0.930075266354759,3.03706006495009,-3.3038968082464,0.018209742138497,-6.03655512755831,-0.571238488934496,0.0798679592954947,0.00395852133425336,0.0057053805181371,"Low_0.1_0.34_0.58",0.263119034970116,-0.0336437186608741,0.559881788601106,0.0815738014624217,0.0815738014624217,0.0220908498457303,"High_0.59_0.69_0.93",-0.417899672298521,-0.795523741784861,-0.0402756028121808,0.0311641770402586,0.0311641770402585,0.110064552373173,0.0119694161281005,0.579678137106638,0.408352446765262,0.0798679592954947,-0.222681953979381,0.41757862371054,0.00522227955827171,"CTCF46078",-0.638971628100677,0.0458743926361622,"chr2",119291399,119291148,119388061,"A","G","PRAD_15275",119387576,119388077,234.5,119223831,"protein_coding","+","sigHigh",96662,164230,67568,251,"Cross"
"rs72833218_chr2:119291399_STEAP3",8323,"STEAP3","rs72833218","chr2:119291399",0.00204185917506314,0.0257875297396695,0.0805488967687232,0.785532903010534,-0.50399793528721,0.665095728824656,-0.00734198906057371,0.785532903010534,0.0425509855709018,0.882849241830218,-0.527771685719432,0.612873656861235,1.20826782568037,0.00642308305057992,0.345610766767078,2.07092488459367,0.0434043118101827,0.0231563145027194,1.57424281330625,0.0343134838936146,0.118229715917247,3.03025591069525,1.78816120486028,0.000497865906446464,0.798506036450939,2.77781637326961,-3.46415716220901,0.0257875297396695,-6.50266822289158,-0.425646101526441,0.0737267629048592,0.00582385051868202,0.0064230830505799,"Low_0.1_0.34_0.58",0.285889113411923,-0.0186829288612537,0.590461155685099,0.0654744040941727,0.0654744040941728,0.0259276368544925,"High_0.59_0.69_0.93",-0.390222131151421,-0.778980810752591,-0.00146345155025146,0.0491937051683134,0.0491937051683134,0.0879038004082366,0.00394356252494063,0.607608607303888,0.388447830171172,0.0737267629048592,0.159175046309372,0.593900607492742,0.00226270592396036,"CTCF46078",-0.638971628100677,0.0458743926361622,"chr2",119291399,119291148,119383895,"C","T","PRAD_15274",119383402,119383903,242.5,119223831,"protein_coding","+","sigHigh",92496,160064,67568,251,"Cross"
"rs17482910_chr1:91166111_TGFBR3",8592,"TGFBR3","rs17482910","chr1:91166111",0.00189620426388481,0.00876135629886673,-0.108078610423684,0.790077443761863,-0.909815175248879,0.69365795440151,-0.00736750802100627,0.790077443761863,-0.139016319513389,0.727337027130044,-0.926333319144672,0.648300680117894,-2.4601934044286,0.0173541818531053,-4.4795199199493,-0.440866888907904,0.029703607273986,0.0563208633593882,-8.81961854707886,0.00819699794059583,-15.3160606790151,-2.32317641514268,-3.64561545333232,0.00110379470002474,-5.80542023811166,-1.48581066855297,12.3912051177496,0.00876135629886678,3.18297446534121,21.599435770158,0.0748083168737618,0.00544265365141638,0.0173541818531053,"Low_0.52_0.66_0.74",-0.457208361095818,-0.855379740926528,-0.0590369812651074,0.0249533282894998,0.0249533282894995,0.0495392155140526,"High_0.75_0.79_0.89",0.54885792067916,0.054550612960275,1.04316522839804,0.0303470877191407,0.0303470877191406,0.0817760897882478,0.00774603713898036,0.457620798431312,0.534633164429707,0.074808316873761,-0.148028162095101,0.71778531457991,0.00104028333567657,"CTCF69846",-0.701451108803431,0.0229626534037766,"chr1",91166111,91166400,91161822,"A","C","PRAD_5021",91161615,91162116,-43.5,91906335,"protein_coding","-","sigBoth",-4289,-744513,-740224,-289,"Within"
"rs115521079_chr1:201348458_TMEM9",9001,"TMEM9","rs115521079","chr1:201348458",1.94232108655133e-05,0.0383361257509131,-0.157319332861002,0.638310377321407,-0.818032717946817,0.503394052224812,-0.00616348369346253,0.638310377321406,-0.064959241985719,0.836043507644801,-0.684868511594366,0.554950027622928,1.84720181750567,2.93133065639921e-05,1.00449049850794,2.6899131365034,0.118504413680996,0.000139766192809087,1.93087563971815,0.0563052836446023,-0.0526958036481628,3.91444708308446,2.48224836741526,4.6687384453364e-06,1.45657083196242,3.50792590286809,-3.43648972017129,0.0383361257509131,-6.68538642641851,-0.187593013924074,0.141732654233192,6.51319652495293e-05,2.93133065639925e-05,"Low_0_0.32_0.44",0.375643131557302,-0.0572598944931469,0.808546157607752,0.0866059390997043,0.0866059390997045,0.0624635862806531,"High_0.45_0.65_1",-0.195240325832572,-0.502832504878337,0.112351853213194,0.21065571249534,0.21065571249534,0.00622449428050187,0.00635033517883736,0.81081491390987,0.182834750911292,0.141732654233192,-0.257234737158788,0.445858686720826,0.00461999390079398,"CTCF72788",-0.783740873476623,0.0107772479313534,"chr1",201348458,201348349.5,202057159,"C","T","PRAD_8555",202056819,202057320,89.5,201171574,"protein_coding","-","sigNone",708701,885585,176884,108.5,"Within"
"rs11804294_chr1:201348458_TMEM9",9005,"TMEM9","rs11804294","chr1:201348458",1.52619525696469e-05,0.0415979618158618,-0.306986152332885,0.396718538929781,-1.02137944127079,0.407407136605025,-0.00218451074294967,0.39671853892978,-0.364856659850807,0.281465648445075,-1.03241023213207,0.302696912430453,1.8709722758218,2.11177590370606e-05,1.03334246101315,2.70860209063046,0.126378813442515,7.97701874326513e-05,-2.4535030398251,0.0232418724722716,-4.56679766899215,-0.340208410658056,1.41600658984901,0.00330767331614836,0.480429641758446,2.35158353793958,3.75846409076265,0.041597961815862,0.145340777374815,7.37158740415049,0.148444735669774,4.07622642290733e-05,2.11177590370603e-05,"Low_0_0.48_0.68",-0.277307480982611,-0.561269878693577,0.0066549167283555,0.055496526715221,0.0554965267152211,0.0294787436501324,"High_0.69_0.79_1",0.367710285777459,-0.108678304182645,0.844098875737563,0.125995328644405,0.125995328644405,0.0400596439473017,0.0408033102250036,0.790570973086766,0.16862571668823,0.148444735669774,0.159129079388197,0.663595849800139,0.00150630141473954,"CTCF72788",-0.783740873476623,0.0107772479313534,"chr1",201348458,201348349.5,202064624,"A","G","PRAD_8557",202064513,202065014,-139.5,201171574,"protein_coding","-","sigNone",716166,893050,176884,108.5,"Within"
"rs6664071_chr1:201348458_TMEM9",9026,"TMEM9","rs6664071","chr1:201348458",1.25895203165744e-05,0.031372861415023,-0.373265777386711,0.223762905227783,-0.97745535729543,0.230923802522008,0.00388055218369254,0.223762905227784,-0.386638817119899,0.177614923853709,-0.951043563553984,0.177765929314187,1.85928837469949,2.22367344192861e-05,1.02444950388577,2.69412724551321,0.130980063198631,5.73458513365242e-05,-2.21241791398593,0.0136749957165477,-3.96306056382982,-0.461775264142047,1.06089281156908,0.0579387919783463,-0.036246247434518,2.15803187057268,3.24447833806017,0.0313728614150232,0.294702200543537,6.19425447557681,0.156222055517457,2.3549535382091e-05,2.22367344192864e-05,"Low_0_0.37_0.5",-0.454253015976679,-0.803708415246387,-0.104797616706971,0.0120031134930891,0.012003113493089,0.112902412730646,"High_0.53_0.68_1",0.144168845480175,-0.170404238437303,0.458741929397653,0.364426557374358,0.364426557374359,-0.00210251856953669,0.0689787067047635,0.752266147300918,0.178755145994319,0.156222055517457,0.0370035160504501,0.905126688016913,0.000113185494210075,"CTCF72788",-0.783740873476623,0.0107772479313534,"chr1",201348458,201348349.5,201448202,"C","G","PRAD_8481",201448032,201448533,-80.5,201171574,"protein_coding","-","sigLow",99744,276628,176884,108.5,"Within"
"rs1105882_chr2:85288775_TMSB10",9036,"TMSB10","rs1105882","chr2:85288775",0.00389760748374002,0.0291501250345571,0.374611920687277,0.154682536928585,-0.143167096812031,0.892390938186585,0.00819988960337337,0.154682536928585,0.41839242571429,0.105576368053128,-0.0895514444410676,0.926336295869647,1.39887985675629,0.0117876961464799,0.315694052027722,2.48206566148486,0.0499191767499662,0.0151069839538585,-1.8710188661706,0.0821693845140983,-3.98422298618336,0.242185253842153,-0.4239551699212,0.668036553588619,-2.37600277140842,1.52809243156602,3.89308681551975,0.0291501250345569,0.401793491505471,7.38438013953403,0.0784584588029741,0.00432689321877129,0.0117876961464798,"Low_0.2_0.55_0.73",-0.0167331697041236,-0.349948713824825,0.316482374416577,0.92078006813802,0.92078006813802,-0.0106446211328726,"High_0.75_0.82_1",0.746549605658363,0.224565411593668,1.26853379972306,0.00652019038589256,0.00652019038589258,0.190048827163092,0.179045176863501,0.468295141490315,0.352659681646184,0.0784584588029739,-0.199365516832836,0.454154255586274,0.00445425599753701,"CTCF45080",-0.69349295404821,0.0190755210263056,"chr2",85288775,85288876.5,85811627,"T","C","PRAD_14167",85811212,85811713,164.5,84905625,"protein_coding","+","sigHigh",522852,906002,383150,-101.5,"Within"
"rs7591327_chr2:85288775_USP39",9467,"USP39","rs7591327","chr2:85288775",0.0471634833031872,0.0330006372202496,0.382886932994243,0.162794543410214,-0.156821370490646,0.922595236479131,0.0075881828228026,0.162794543410213,0.38239882616766,0.162411373433686,-0.156142814303832,0.920940466639152,-0.696954236850681,0.21306747557302,-1.79906630977463,0.405157836073268,0.0120293571141726,0.174038666725378,2.85503394941183,0.0167847503153078,0.523996556414332,5.18607134240934,1.83179369678262,0.159683786315154,-0.73116485739765,4.39475225096289,-3.98823614788961,0.0330006372202496,-7.6492732994099,-0.327198996369321,0.0400528284863907,0.0446843915468077,0.213067475573021,"Low_0.2_0.54_0.69",0.51581301581965,0.201544953041563,0.830081078597737,0.00159026742145595,0.00159026742145596,0.101985653729105,"High_0.7_0.8_1",-0.241249019511135,-0.652278673546974,0.169780634524704,0.242523441219053,0.242523441219053,0.00983357396265472,0.245227454562771,0.194570113669697,0.560202431767532,0.0400528284863907,-0.00446128852801079,0.987189611491258,2.05415958354899e-06,"CTCF45080",-0.69349295404821,0.0190755210263056,"chr2",85288775,85288876.5,84946394,"C","T","PRAD_14076",84946362,84946863,-218.5,85602856,"protein_coding","+","sigLow",-342381,-656462,-314081,-101.5,"Within"
"rs76274194_chr2:85288775_USP39",9468,"USP39","rs76274194","chr2:85288775",0.0151432703128643,0.00954671201329033,-0.628009731039912,0.0945147612144022,-1.36569928872443,0.109679826644609,0.0142685658694544,0.0945147612144024,-0.636488979890263,0.0894354739328686,-1.37242663769353,0.0994486779130056,-0.714885630861326,0.199994077339421,-1.81304735016299,0.383276088440339,0.019404379727799,0.108959493872053,-4.14027195696375,0.00325236120893259,-6.87078363985771,-1.40976027406978,-1.54285455538422,0.0152065826802157,-2.78340464771708,-0.302304463051369,5.70892164479795,0.00954671201329025,1.417007249499,10.0008360400969,0.0638268730795704,0.0107558557543273,0.199994077339421,"Low_0.2_0.45_0.54",-0.937716376699031,-1.40263568048354,-0.472797072914524,0.000206821479707511,0.000206821479707511,0.270729356959084,"High_0.55_0.71_1",0.133232213187315,-0.249175010052079,0.515639436426709,0.490268148234249,0.490268148234249,-0.00622667741218308,0.259783922479874,0.145689015782162,0.594527061737964,0.0638268730795704,-0.075556269286198,0.842817139691906,0.000313250790291339,"CTCF45080",-0.69349295404821,0.0190755210263056,"chr2",85288775,85288876.5,84925969,"C","A","PRAD_14073",84925735,84926236,-16.5,85602856,"protein_coding","+","sigLow",-362806,-676887,-314081,-101.5,"Within"
"rs2182425_chr1:91166111_ZNF644",9902,"ZNF644","rs2182425","chr1:91166111",0.0234994374019174,0.036319679015117,-0.73804250112585,0.0110004620971943,-1.30396009028479,-0.172124911966912,0.0426721911948869,0.0110004620971945,-0.701524197167365,0.014950321414615,-1.26415023760961,-0.13889815672512,-1.79183144756302,0.0776015180757656,-3.78476277591703,0.201099880790987,0.0588533885612746,0.00836996102170872,4.45655794150051,0.0717122949946731,-0.399415161451055,9.31253104445208,0.624774537937186,0.680453334773541,-2.3707480646886,3.62029714056298,-7.29101994415031,0.0363196790151171,-14.1100259956902,-0.472013892610445,0.0843357301585539,0.00298145330003896,0.0776015180757649,"Low_0.52_0.63_0.69",-0.0216144102673068,-0.358138051606158,0.314909231071545,0.897982910935472,0.897982910935472,-0.0185489811876012,"High_0.7_0.77_0.89",-0.542201573024933,-0.868622371421748,-0.215780774628117,0.00145894020749868,0.00145894020749869,0.121625780728184,0.449854130020564,0.245414887997468,0.304730981981967,0.0843357301585531,0.239904773908202,0.418055972659513,0.00521160989177454,"CTCF69846",-0.701451108803431,0.0229626534037766,"chr1",91166111,91166400,91647333,"A","C","PRAD_5038",91647009,91647510,73.5,91022272,"protein_coding","-","sigHigh",481222,625061,143839,-289,"Within"
"rs2991347_chr1:40949190_ZNF684",9945,"ZNF684","rs2991347","chr1:40949190",0.00938778072627554,0.0247655399490888,0.247359601965118,0.329735263266043,-0.252948092961783,0.74766729689202,-0.000336093728374287,0.329735263266041,0.219968163918079,0.380283983258917,-0.274466295521066,0.714402623357224,-1.07554569187098,0.0382579096028456,-2.09196796743916,-0.0591234163028,0.0258414546697967,0.0721931572670511,-1.12272538568748,0.0817955666517245,-2.38920840947008,0.143757638095128,-2.57175357448581,0.00240266808909978,-4.21426996389135,-0.92923718508028,2.95045963656609,0.0247655399490887,0.380926781468366,5.51999249166382,0.0572550790986788,0.0160604397922782,0.0382579096028453,"Low_0_0.32_0.44",-0.221435361716602,-0.622640336998448,0.179769613565243,0.273903035424464,0.273903035424463,0.00364833004082232,"High_0.45_0.6_0.88",0.507656291237645,0.145613133344335,0.869699449130955,0.00671451649909589,0.00671451649909598,0.0939311523591903,0.0847991414171767,0.433059624996165,0.482141233586658,0.0572550790986788,-0.150468540919329,0.557262680420346,0.00274096078955338,"CTCF68259",-0.667821435752352,0.0337991050602106,"chr1",40949190,40949064.5,41496695,"G","C","PRAD_3351",41496672,41497173,-227.5,40531561,"protein_coding","+","sigHigh",547505,965134,417629,125.5,"Within"
"rs78555906_chr1:40949190_ZNF684",9953,"ZNF684","rs78555906","chr1:40949190",0.0148371157019589,0.04725674698682,-0.0179528820694217,0.961045665629196,-0.743927448534854,0.708021684396011,-0.00791734956435319,0.961045665629193,0.0558561151067291,0.87808050374107,-0.663296232723546,0.775008462937005,-1.10675301473832,0.0341481082355073,-2.12943737221557,-0.0840686572610643,0.01998488758169,0.1050005453681,-2.52485104355977,0.0612913814227661,-5.17103317852338,0.121331091403849,-1.57554680323059,0.00584000642655731,-2.68721217013928,-0.463881436321899,5.19819225299773,0.0472567469868203,0.0639441428690297,10.3324403631264,0.0430716577468603,0.0374488648615502,0.0341481082355072,"Low_0_0.29_0.39",-0.766188491679465,-1.3785476235589,-0.153829359800032,0.0154319129216992,0.0154319129216992,0.111126257517223,"High_0.4_0.56_0.88",0.233920325016412,-0.0724771782510621,0.540317828283887,0.132671108872019,0.13267110887202,0.0154983084521615,0.00153285590642691,0.537751721855115,0.460715422238459,0.0430716577468602,0.394020059742554,0.286949022039445,0.0089941184604973,"CTCF68259",-0.667821435752352,0.0337991050602106,"chr1",40949190,40949064.5,41342104,"T","C","PRAD_3313",41341996,41342497,-142.5,40531561,"protein_coding","+","sigLow",392914,810543,417629,125.5,"Within"
"rs11959113_chr5:149265012_PPARGC1B",6307,"PPARGC1B","rs11959113","chr5:149265012",0.00145994901408224,0.00139701297054334,-0.470061418676301,0.0836404228077868,-1.00352891104023,0.063406073687632,0.0158143051662105,0.0836404228077875,-0.452637295699227,0.0934750603570339,-0.982637332359909,0.0773627409614548,-0.845874613168663,0.0931326710889997,-1.8352756541407,0.143526427803379,0.0301537668381435,0.0547108501108686,1.43488200024162,0.0250032369075839,0.183156006156109,2.68660799432713,0.332731505148676,0.581212456596996,-0.858023741337464,1.52348675163482,-5.70645762142836,0.00139701297054333,-9.16155135060984,-2.25136389224687,0.099902782131429,0.00109233193658317,0.0931326710889998,"Low_0_0.13_0.27",0.30836217178139,-0.0962630659541772,0.712987409516957,0.131557338424886,0.131557338424886,0.0307749449551209,"High_0.28_0.42_1",-0.453239452135834,-0.74327041607083,-0.163208488200839,0.00258277950720465,0.00258277950720463,0.0945231637084868,0.187268523058793,0.187649691209276,0.62508178573193,0.0999027821314281,0.118806696820361,0.666505552218858,0.00147870928577441,"CTCF26134",-0.624976051790824,0.0421488076240652,"chr5",149265012,149264978,148848933,"G","A","PRAD_35557",148848597,148849098,85.5,149730298,"protein_coding","+","sigHigh",-416079,-881365,-465286,34,"Within"
"rs6894617_chr5:150272721_RPS14",7276,"RPS14","rs6894617","chr5:150272721",0.0178380962786184,0.00468822065260365,0.34401236512785,0.157134109709534,-0.134321562587745,0.822346292843445,0.0080112856436465,0.157134109709534,0.34864351845803,0.156230866102958,-0.135080387766936,0.832367424682996,-0.144364321213825,0.874714054475612,-1.95271997387694,1.66399133144929,0.000275025617533453,0.364482847038859,-2.26469452798475,0.0172265294917392,-4.12132816946532,-0.40806088650418,-2.77345585339703,0.0313358670584049,-5.29443218325562,-0.252479523538449,7.25415252334115,0.00468822065260363,2.26851239461095,12.2397926520714,0.0553921837471032,0.0179761240436775,0.87471405447562,"Low_0.12_0.28_0.34",-0.077198780253826,-0.463009311506964,0.308611750999312,0.689468452071921,0.689468452071922,-0.0167154839443118,"High_0.35_0.43_0.62",0.59282339611065,0.251385002787493,0.934261789433808,0.000901316255270079,0.000901316255270079,0.127587949992812,0.204872740028604,0.00127320327266205,0.793854056698734,0.0553921837471035,0.330920360850908,0.177537291217233,0.0143823935135863,"CTCF26217",-0.665512855935366,0.0346639225924819,"chr5",150272721,150272674.5,150161858,"C","T","PRAD_35733",150161559,150162060,48.5,150449756,"protein_coding","-","sigHigh",-110863,-287898,-177035,46.5,"Within"
"rs6440052_chr3:141455238_SLC25A36",7830,"SLC25A36","rs6440052","chr3:141455238",0.00670488964228641,0.0283131153243804,-0.162068356948372,0.574161388508225,-0.731337935640386,0.407201221743642,-0.00540366004933324,0.574161388508225,-0.183144341350783,0.518694991190785,-0.743203573289814,0.376914890588248,0.951361653738621,0.0225534088907403,0.136111181969829,1.76661212550741,0.0280292576908923,0.0627289139724587,-1.46996577677763,0.0240319991576219,-2.74344502155084,-0.196486532004423,-1.20627224694382,0.254451100717457,-3.29163156631999,0.879087072432338,3.30835916704236,0.0283131153243802,0.357265465357321,6.25945286872741,0.0576090162272959,0.0157194842912136,0.0225534088907402,"Low_0_0.2_0.33",-0.496140667092797,-0.893483557851813,-0.0987977763337817,0.0153750933315202,0.0153750933315202,0.0889513322267069,"High_0.35_0.54_0.88",0.0889356402119138,-0.219807157697522,0.39767843812135,0.567532767837467,0.567532767837467,-0.00939436316706455,0.0357989698909095,0.50677976903876,0.457421261070331,0.0576090162272956,0.105191348713987,0.717832917925205,0.00103991693018453,"CTCF4334",-0.687762859116356,0.026787453679916,"chr3",141455238,141455094,141940399,"C","T","PRAD_24061",141940190,141940691,-41.5,140941830,"protein_coding","+","sigLow",485161,998569,513408,144,"Within"
"rs17589045_chr5:54896257_SNX18",8104,"SNX18","rs17589045","chr5:54896257",0.00604150707934841,0.00160283994848571,-0.169804848075036,0.507622909521867,-0.675552262315637,0.335942566165566,-0.00441721742903334,0.507622909521864,-0.192248159941042,0.462251942567854,-0.708216685314297,0.323720365432212,0.278507054616503,0.637019621351738,-0.886756753092802,1.44377086232581,-0.0106434746071147,0.718648905663776,-3.55274945226941,0.00119864396212068,-5.6734292883603,-1.43206961617852,-1.72041058379592,0.0427477329123033,-3.38371600957231,-0.0571051580195341,5.35325374795076,0.00160283994848569,2.06934692541907,8.63716057048246,0.0601143273373232,0.0134984216304363,0.637019621351743,"Low_0.25_0.52_0.65",-0.521964830346481,-0.85834601936964,-0.185583641323323,0.00288534149614609,0.00288534149614607,0.118641761776235,"High_0.66_0.76_1",0.296707438359157,-0.0805825791468525,0.673997455865167,0.120998566156937,0.120998566156937,0.023204844638358,0.0474929472436,0.0165547248382128,0.935952327918187,0.060114327337323,0.527665225111406,0.0397818770791415,0.0331210108889047,"CTCF23474",-0.679664535254464,0.0258560869403989,"chr5",54896257,54896061,54936194,"A","C","PRAD_32323",54936173,54936674,-229.5,54517759,"protein_coding","+","sigLow",39937,418435,378498,196,"Within"
"rs4719888_chr7:27136376_AC004540.5",133,"AC004540.5","rs4719888","chr7:27136376",0.0134092094328972,0.0237752411499626,-0.101040802982338,0.691077837401048,-0.603057227625264,0.400975621660589,-0.00666899454022163,0.691077837401048,-0.148081154511568,0.558403103781269,-0.647529061948752,0.351366752925616,-1.42220060648626,0.0611381787090719,-2.91184257813601,0.0674413651634831,0.0134556794528711,0.159012328997272,-2.94559138523629,0.0197396225969316,-5.41402383603713,-0.477158934435444,-3.56178733284941,0.00339431554036855,-5.92178921161837,-1.20178545408044,5.00543716389882,0.0237752411499626,0.677139727667502,9.33373460013015,0.0458154552515736,0.0318582610081415,0.061138178709072,"Low_0.23_0.48_0.58",-0.264375893109972,-0.629107532138562,0.100355745918617,0.152654260521008,0.152654260521008,0.0155812213709655,"High_0.59_0.67_0.85",0.373657956449697,0.0112273712550899,0.736088541644305,0.0435352587218106,0.0435352587218104,0.0541844781976747,0.0287633494561865,0.395371029146924,0.575865621396889,0.0458154552515737,-0.283599895726623,0.267920342902308,0.00973201574705025,"CTCF91890",-0.766891596778467,0.00690840018444003,"chr7",27136376,27136588.5,27347185,"C","T","PRAD_44573",27346897,27347398,37.5,26398593,"lincRNA","+","sigHigh",210809,948592,737783,-212.5,"Within"
"rs6973893_chr7:27136376_AC004540.5",135,"AC004540.5","rs6973893","chr7:27136376",0.030314944561227,0.0249928326710563,0.529049535961361,0.0202708570175799,0.0837335763391444,0.974365495583578,0.0344230281848233,0.02027085701758,0.461858599137974,0.0460287436527733,0.00826787461954531,0.915449323656402,-1.06166107919788,0.161995995435003,-2.55533444639477,0.432012287999018,0.0418662167185978,0.0256022328039919,-2.17609366510068,0.0685231083950512,-4.52003284182616,0.167845511624797,-3.74662916198206,0.00831566448627056,-6.51159537746386,-0.981662946500262,4.64483543296579,0.0249928326710561,0.593188195588268,8.69648267034331,0.0726442848184735,0.00623129346298968,0.161995995435003,"Low_0.23_0.49_0.6",0.0530709202034201,-0.295738853360706,0.401880693767546,0.762768931903858,0.762768931903858,-0.0116305344372949,"High_0.61_0.68_0.85",0.66936020464075,0.302532833498986,1.03618757578251,0.000623260705274236,0.000623260705274236,0.209962333218674,0.38426013984823,0.21811682198259,0.397623038169181,0.0726442848184737,-0.542651699996855,0.0182389520686856,0.0434342718116908,"CTCF91890",-0.766891596778467,0.00690840018444003,"chr7",27136376,27136588.5,27235936,"T","C","PRAD_44568",27235564,27236065,121.5,26398593,"lincRNA","+","sigHigh",99560,837343,737783,-212.5,"Within"
"rs74659939_chr8:122572799_DERL1",2078,"DERL1","rs74659939","chr8:122572799",0.004496997285392,0.047374340451559,0.787946890655261,0.0967899429112926,-0.144053432480281,1.7199472137908,0.0139693526950936,0.0967899429112925,0.843836696339684,0.0692117577238202,-0.0673679356030749,1.75504132828244,-2.15168053564685,0.00867447421020926,-3.7486044319506,-0.554756639343107,0.0595800295961795,0.00797550964909153,5.95178157322195,0.0232690774680757,0.824255346133946,11.07930780031,-1.5455697714432,0.0723636369290446,-3.23356913207206,0.14242958918566,-8.46590282569034,0.0473743404515589,-16.8321792030171,-0.0996264483635567,0.0817029546977367,0.0035243927287273,0.00867447421020918,"Low_0.28_0.53_0.64",0.663223770307052,0.253751784071265,1.07269575654284,0.00179611139893368,0.00179611139893368,0.0932137134162757,"High_0.65_0.7_0.87",-0.515794131393064,-1.13874689546027,0.107158632674143,0.101603157859919,0.101603157859919,0.0497227412900886,0.225385999111687,0.494085784605811,0.280528216282503,0.0817029546977367,0.245484485885659,0.609885363454087,0.00207226942304967,"CTCF82716",-0.698454980558169,0.0205546955790396,"chr8",122572799,122572555.5,122237259,"A","C","PRAD_52928",122237074,122237575,-65.5,123042423,"protein_coding","-","sigLow",-335540,-805164,-469624,243.5,"Within"
"rs2698712_chr7:27136376_HOXA6",3893,"HOXA6","rs2698712","chr7:27136376",0.0249223421491946,0.0123609386286839,0.376673866442925,0.158764143938476,-0.149148313002177,0.902496045888026,0.00788770614442724,0.158764143938476,0.380396795633356,0.154589887321432,-0.145274233148024,0.906067824414736,-0.792580226444849,0.293192448342222,-2.27859059511734,0.693430142227638,0.00878661014877846,0.213594841136748,3.99441446149426,0.00665065502873152,1.13025806752726,6.85857085546125,1.81715323967873,0.152958630927243,-0.684032275005243,4.3183387543627,-6.22631957725537,0.012360938628684,-11.0804548974515,-1.37218425705928,0.0501648852139346,0.0246035715341108,0.293192448342226,"Low_0.23_0.48_0.59",0.366487275188677,-0.0105843950622376,0.743558945439591,0.0566061617464885,0.0566061617464884,0.0363536723525995,"High_0.6_0.67_0.85",-0.207469504875894,-0.625903996844479,0.210964987092692,0.324371942895834,0.324371942895834,-0.000190424273651457,0.218370755208486,0.117657062431835,0.663972182359679,0.0501648852139346,0.0402752190057323,0.881741416117764,0.000176318823877387,"CTCF91890",-0.766891596778467,0.00690840018444003,"chr7",27136376,27136588.5,26377192,"G","A","PRAD_44442",26376929,26377430,12.5,27150603,"protein_coding","-","sigNone",-759184,-773411,-14227,-212.5,"Within"
"rs681144_chr6:138004517_IFNGR1",4043,"IFNGR1","rs681144","chr6:138004517",0.0191740137479048,0.0301530701726123,-0.284654952183564,0.236212324264745,-0.757963706902669,0.18865380253554,0.00326907579716107,0.236212324264744,-0.249429764179331,0.296363429454838,-0.720181069194614,0.221321540835951,-1.41559770574604,0.0735556833917516,-2.96815804949455,0.136962638002461,0.0208039343649505,0.099654517926203,1.49962186159053,0.0736238123389778,-0.145503530319162,3.14474725350022,0.799593326546483,0.530669929304643,-1.71749900071728,3.31668565381024,-5.15407595900979,0.0301530701726123,-9.80528400163001,-0.502867916389576,0.0497702663268079,0.0251898407317597,0.0735556833917516,"Low_0_0.27_0.35",0.235406071174992,-0.0624891965249063,0.533301338874891,0.119691498859763,0.119691498859763,0.018572416218211,"High_0.36_0.44_0.62",-0.713698198554977,-1.16986304064875,-0.257533356461199,0.00285813052851886,0.00285813052851886,0.156514250540161,0.135674945921549,0.365931690117382,0.498393363961069,0.0497702663268079,0.223540430252842,0.357085659409397,0.00673505043006634,"CTCF64676",-0.747649519851808,0.0125654132265038,"chr6",138004517,138004634.5,138088242,"G","T","PRAD_42022",138088239,138088740,-247.5,137219449,"protein_coding","-","sigHigh",83725,868793,785068,-117.5,"Cross"
"rs9321634_chr6:138004517_PBOV1",5915,"PBOV1","rs9321634","chr6:138004517",0.0268515323932407,0.00784523967523594,-0.342566431827591,0.366939353585534,-1.09126204730733,0.406129183652144,-0.00142017142160977,0.366939353585535,-0.343030690484731,0.367945816216743,-1.09435934595735,0.40829796498789,0.295964893926393,0.709742554779442,-1.27420034450023,1.86613013235302,-0.00830894749552868,0.621934384167516,-3.89423172615175,0.00508429323970771,-6.59637441812414,-1.19208903417936,-0.538569183404148,0.519325093913129,-2.18810637287965,1.11096800607136,10.4730686063193,0.00784523967523596,2.80292304996847,18.1432141626701,0.0401000113026441,0.044561646949942,0.70974255477944,"Low_0_0.23_0.29",-0.797086957410484,-1.21129339485262,-0.382880519968347,0.000333134925345692,0.000333134925345695,0.225647075962775,"High_0.3_0.4_0.62",0.28672511492783,-0.0883174781903605,0.661767708046021,0.132020122663996,0.132020122663996,0.0166107250855148,0.103126701521279,0.0174620037682801,0.879411294710441,0.0401000113026447,0.0140916686859715,0.970704398656788,1.07465838712467e-05,"CTCF64676",-0.747649519851808,0.0125654132265038,"chr6",138004517,138004634.5,137901373,"T","G","PRAD_42012",137901207,137901708,-84.5,138218491,"protein_coding","-","sigLow",-103144,-317118,-213974,-117.5,"Within"
"rs2514658_chr8:104325610_RIMS2",7171,"RIMS2","rs2514658","chr8:104325610",1.40155325521761e-05,0.000385350992316587,0.698555111422271,0.0360792537119816,0.04606957923928,1.35104064360526,0.0267370114806295,0.0360792537119816,0.708852296785284,0.0277603029732837,0.0788042649522089,1.33890032861836,1.25319528890934,0.0018052381842951,0.475422142059243,2.03096843575944,0.092756854879852,0.000845034072558124,-2.33501640830158,0.00960023096147634,-4.09179989811215,-0.578232918491007,-3.27605352719302,0.0127602442352962,-5.84197626505001,-0.710130789336021,5.55237165727271,0.000385350992316586,2.5412604684583,8.56348284608711,0.1741549349611,6.49407625026728e-06,0.0018052381842951,"Low_0_0.45_0.67",-0.0437499116895247,-0.338483614130045,0.250983790750996,0.768851076317725,0.768851076317724,-0.00970523361468012,"High_0.69_0.81_1",0.933518862877329,0.497646553974838,1.36939117177982,0.000135421485688359,0.000135421485688359,0.369043609423054,0.180258936331559,0.372474941132546,0.447266122535895,0.1741549349611,-0.0385447230999273,0.909526786112716,0.000102886436421348,"CTCF82355",-0.729524931496921,0.0158621089668958,"chr8",104325610,104325641,104325643,"G","A","PRAD_52579",104325378,104325879,14.5,103500748,"protein_coding","+","sigHigh",33,824895,824862,-31,"Cross"
"rs11564003_chr7:27136376_SKAP2",7722,"SKAP2","rs11564003","chr7:27136376",0.00994321823039354,0.00301022237835764,0.167066556536407,0.589169993357539,-0.443579699405126,0.777712812477941,-0.00559696113257813,0.589169993357539,0.173819297402105,0.575395257811973,-0.438735905626149,0.78637450043036,0.472976786373804,0.534052016807813,-1.02820675104824,1.97416032379585,-0.0104984517914914,0.71223208146238,4.3143471310763,0.00254729237167514,1.54213588261624,7.08655837953636,2.39103097079309,0.0151155711864153,0.4702586939648,4.31180324762137,-7.47128252740083,0.00301022237835766,-12.357540076103,-2.58502497869866,0.051418041968284,0.0228276642219522,0.534052016807819,"Low_0.23_0.45_0.54",0.55962877333691,0.177508356388059,0.94174919028576,0.00491994900334177,0.00491994900334178,0.12816978094211,"High_0.55_0.64_0.85",-0.161899326373843,-0.478594228785349,0.154795576037663,0.311638567395794,0.311638567395794,0.000514022047402474,0.0327163682459675,0.0406310578127166,0.926652573941316,0.0514180419682841,-0.122415560603873,0.694991908296154,0.00122421482940032,"CTCF91890",-0.766891596778467,0.00690840018444003,"chr7",27136376,27136588.5,27314285,"G","A","PRAD_44572",27314065,27314566,-30.5,26995239,"protein_coding","-","sigLow",177909,319046,141137,-212.5,"Cross"
"rs17346797_chr8:122572799_ZHX1-C8orf76",9776,"ZHX1-C8orf76","rs17346797","chr8:122572799",0.00462585502906833,0.00151696789055234,-0.700251647558928,0.139477711863981,-1.63209621286337,0.23159291774551,0.00944974445871472,0.139477711863981,-0.749739919636518,0.117322688410474,-1.69065756984454,0.1911777305715,0.679043401064641,0.417769770188381,-0.974004935480271,2.33209173760955,0.0067771247665579,0.24241686976308,-12.5756045256409,0.000841769859202775,-19.8486995126951,-5.30250953858666,-0.0798152480067165,0.924314116974279,-1.73933308514066,1.57970258912723,19.4925441457825,0.00151696789055233,7.59791950274916,31.3871687888158,0.0770733619013926,0.004721268340143,0.417769770188381,"Low_0.28_0.5_0.59",-0.965081568658252,-1.42451574955199,-0.505647387764519,8.18125213473478e-05,8.18125213473468e-05,0.193642485737996,"High_0.6_0.67_0.87",0.290936157745976,-0.142396220764645,0.724268536256596,0.184059685702841,0.184059685702842,0.0139929987131917,0.185582171957948,0.0411534042653218,0.77326442377673,0.0770733619013925,0.688769646011865,0.149779994057911,0.0163937153355014,"CTCF82716",-0.698454980558169,0.0205546955790396,"chr8",122572799,122572555.5,122553033,"G","T","PRAD_52933",122552564,122553065,218.5,123274284,"protein_coding","-","sigLow",-19766,-721251,-701485,243.5,"Cross"
"rs100876_chr11:34366712_ABTB2",31,"ABTB2","rs100876","chr11:34366712",0.0341193618580164,0.034184368546252,0.277487117878191,0.282523309957152,-0.231312585383742,0.786286821140124,0.00129636217077367,0.282523309957151,0.213714711709995,0.411292916825345,-0.299358133628668,0.726787557048658,1.03349651199002,0.13263687874634,-0.317810883237096,2.38480390721713,0.0114265871214969,0.18080112954459,-1.83799064540186,0.0661653093384947,-3.80054641309514,0.124565122291425,0.0517192811407985,0.949469874324837,-1.56033513223079,1.66377369451239,3.97044155061066,0.034184368546252,0.300877162045755,7.64000593917557,0.0389981671550139,0.0475139622749966,0.132636878746339,"Low_0_0.42_0.53",-0.0521519051425885,-0.384531388603135,0.280227578317958,0.755590432951428,0.755590432951428,-0.0115550695883826,"High_0.54_0.62_0.87",0.276806865154799,-0.08160327993549,0.635217010245087,0.126896017297001,0.126896017297002,0.0292620025360171,0.117102776711536,0.320419278806613,0.562477944481851,0.0389981671550139,0.475398197191678,0.0668266422447541,0.0264117892676805,"CTCF15766",-0.726090941454891,0.0108217709393392,"chr11",34366712,34366724,34685486,"G","A","PRAD_66105",34685194,34685695,41.5,34358008,"protein_coding","-","sigNone",318774,327478,8704,-12,"Within"
"rs2553825_chr11:34366712_ABTB2",43,"ABTB2","rs2553825","chr11:34366712",0.0184112513315238,0.029625634882218,-0.254763184922854,0.34981292030296,-0.792003675725046,0.282477305879338,-0.000940468427474084,0.34981292030296,-0.3213921155431,0.238758250719984,-0.85873096593594,0.215946734849741,1.23324723640303,0.0713030304150955,-0.108551213326171,2.57504568613223,0.017070617940696,0.126411937284089,-2.5545809293756,0.0163548909484093,-4.63185509862201,-0.477306760129195,0.0605790413223962,0.94358749720194,-1.63045385333049,1.75161193597528,4.41882083019725,0.029625634882218,0.44418465423901,8.39345700615549,0.0463816904885777,0.0308088164679519,0.0713030304150955,"Low_0_0.42_0.53",-0.302764743991223,-0.62656098737488,0.0210314993924349,0.0664356943078044,0.0664356943078043,0.0302621497845721,"High_0.54_0.62_0.87",0.060118333477015,-0.307473305138606,0.427709972092636,0.743497202749066,0.743497202749066,-0.0193376152474249,0.129057228045904,0.343308392015304,0.527634379938792,0.0463816904885777,0.416242512446819,0.128929632178419,0.0182013445965626,"CTCF15766",-0.726090941454891,0.0108217709393392,"chr11",34366712,34366724,35077839,"C","T","PRAD_66136",35077654,35078155,-65.5,34358008,"protein_coding","-","sigNone",711127,719831,8704,-12,"Within"
"rs286883_chr11:34366712_ABTB2",47,"ABTB2","rs286883","chr11:34366712",0.00527175262274854,0.00504038215062057,0.0987501894893541,0.687354605413229,-0.385718990134839,0.583219369113547,-0.00663656463813833,0.687354605413229,0.0449801349956874,0.854904103287614,-0.440829303243791,0.530789573235166,1.10814163827697,0.106541604840171,-0.240944878504622,2.45722815505856,0.00631879542552827,0.249508563505096,-2.61206750068385,0.00748691159500846,-4.51349741155662,-0.71063758981108,-0.223357726284614,0.783335591122225,-1.82761241020349,1.38089695763427,5.13153180031017,0.00504038215062056,1.57451305442041,8.68855054619993,0.0601059495685453,0.0135053164772318,0.10654160484017,"Low_0_0.42_0.54",-0.233881128308089,-0.559639714976365,0.0918774583601868,0.156929171424527,0.156929171424527,0.0128601375576953,"High_0.55_0.62_0.87",0.330317516986465,-0.0249847303430865,0.685619764316017,0.0676475640984258,0.0676475640984258,0.0516666963976583,0.00943060126723329,0.257460498405231,0.733108900327536,0.0601059495685454,0.373834126896663,0.129403582883783,0.0181567499853365,"CTCF15766",-0.726090941454891,0.0108217709393392,"chr11",34366712,34366724,34667749,"C","T","PRAD_66101",34667343,34667844,155.5,34358008,"protein_coding","-","sigNone",301037,309741,8704,-12,"Within"
"rs2011920_chr10:69789100_AIFM2",337,"AIFM2","rs2011920","chr10:69789100",0.0116221981425478,0.00449647153533281,0.012676738153786,0.965751677827249,-0.570433834817272,0.595787311124844,-0.00792170158199013,0.96575167782725,0.00109573948304821,0.997043784406322,-0.583041256617927,0.585232735584023,-0.32861041519311,0.368441782027783,-1.04910296851136,0.391882138125143,-0.00940538691261916,0.665647622566928,-2.15023374298585,0.00793505655406918,-3.72733944400725,-0.573128041964445,-3.14515273682011,0.00291222972398302,-5.19482410754221,-1.09548136609802,3.77203648283714,0.00449647153533281,1.1921630129961,6.35190995267817,0.0468294221092413,0.030002602147712,0.368441782027785,"Low_0_0.41_0.64",-0.265664410237866,-0.576499596380138,0.0451707759044056,0.0926860075785052,0.0926860075785051,0.0265224879816448,"High_0.65_0.76_1",0.511694632612747,0.136520333536782,0.886868931688712,0.00841729154020059,0.00841729154020056,0.103582007139602,0.000106707463913774,0.0934939319423421,0.906399360593744,0.0468294221092412,-0.145059800047333,0.626115626545238,0.00188955240985913,"CTCF33974",-0.778459798352805,0.00678683080781405,"chr10",69789100,69789356,69732879,"C","G","PRAD_61644",69732578,69733079,50.5,70132934,"protein_coding","-","sigHigh",-56221,-400055,-343834,-256,"Within"
"rs9804485_chr11:123021298_BLID",1107,"BLID","rs9804485","chr11:123021298",0.00570079603704203,0.00149366977765758,0.21849892294186,0.387547752388155,-0.280191098783632,0.717188944667352,-0.00195797138030729,0.387547752388156,0.208667032000551,0.412363452740657,-0.293439017835685,0.710773081836787,0.114474598753271,0.648138334340755,-0.380786291717895,0.609735489224436,-0.00828564533749976,0.621036710437618,-1.06729552370185,0.022731286963861,-1.98310079552883,-0.151490251874868,-1.05288453504839,0.0164142672820584,-1.90952886007095,-0.196240210025831,2.28594798140833,0.00149366977765759,0.893085121287695,3.67881084152896,0.0632929776541122,0.0111140869769823,0.648138334340752,"Low_0_0.25_0.64",-0.195587338152915,-0.613963541676278,0.222788865370448,0.353473719140742,0.353473719140742,-0.00206237981426383,"High_0.67_0.82_1",0.479077978455396,0.156069445677886,0.802086511232906,0.00427362792958362,0.00427362792958362,0.106888405643098,0.0661573318996495,0.0227314096242523,0.911111258476098,0.0632929776541121,0.242494846825474,0.341724820204912,0.00717683571985913,"CTCF19023",-0.67207554804233,0.0248494284398498,"chr11",123021298,123021175.5,123023282,"C","G","PRAD_70225",123023079,123023580,-47.5,122116215,"protein_coding","-","sigHigh",1984,907067,905083,122.5,"Within"
"rs11064949_chr12:120231555_CABP1",1382,"CABP1","rs11064949","chr12:120231555",0.00174205818172864,0.00419794337694737,-0.172072184437276,0.489995597132204,-0.663917319674045,0.319772950799492,-0.00411656517149095,0.489995597132205,-0.283777359701492,0.259531377338769,-0.779635032136413,0.212080312733429,-0.79400952232597,0.0340052997055278,-1.52711067657045,-0.0609083680814855,0.0237366345625615,0.0826190677567838,-0.969255855561159,0.0048974485951278,-1.63883133839938,-0.299680372722935,-2.05289129517821,0.00038002406743924,-3.16498934612564,-0.940793244230769,2.9594269848934,0.0041979433769474,0.951286418595819,4.96756755119097,0.07905434691333,0.00416726019271047,0.0340052997055281,"Low_0_0.16_0.4",-0.352940861647517,-0.67976314551116,-0.0261185777838742,0.0346064173924022,0.0346064173924023,0.0376724893042676,"High_0.41_0.58_1",0.831094661049494,0.305594506420867,1.35659481567812,0.00289488203612894,0.00289488203612895,0.215745289553961,0.0677099515531433,0.320260100294869,0.612029948151987,0.0790543469133301,-0.586571352708001,0.0184756126186453,0.0432622296699904,"CTCF31446",-0.696536934489459,0.0377586928371343,"chr12",120231555,120231612.5,119884945,"G","A","PRAD_75448",119884466,119884967,228.5,120640552,"protein_coding","+","sigBoth",-346610,-755607,-408997,-57.5,"Within"
"rs2745906_chr11:34366712_CAPRIN1",1433,"CAPRIN1","rs2745906","chr11:34366712",0.00594665983013444,0.0102733687367746,-0.251798973627707,0.482470967940666,-0.9591930108648,0.455595063609385,-0.00398266443014106,0.482470967940666,-0.250566328038309,0.479956006746924,-0.95050160878981,0.449368952713193,-1.29558919396339,0.0560282832782787,-2.62501239631121,0.033834008384428,0.0172333665260184,0.125110409083295,-3.76440536856789,0.00779907697184868,-6.51921794780348,-1.0095927893323,-2.57331250177096,0.00211136276020378,-4.19531195178982,-0.951313051752106,7.13936771637317,0.0102733687367746,1.71761805282254,12.5611173799238,0.0607607070812956,0.0129766004506986,0.0560282832782787,"Low_0_0.34_0.43",-0.590729913733953,-1.10605634015133,-0.0754034873165728,0.0258672255904566,0.0258672255904567,0.109256154191285,"High_0.44_0.55_0.87",0.126516643280423,-0.166864461911397,0.419897748472243,0.393824828313731,0.393824828313731,-0.00296202307726068,0.0470604932266939,0.347285585868235,0.605653920905072,0.0607607070812959,0.00733001141968054,0.983848583472488,3.26552156764862e-06,"CTCF15766",-0.726090941454891,0.0108217709393392,"chr11",34366712,34366724,34371381,"C","G","PRAD_66036",34371376,34371877,-245.5,34051683,"protein_coding","+","sigLow",4669,319698,315029,-12,"Cross"
"rs1151843_chr12:120231555_GCN1",3169,"GCN1","rs1151843","chr12:120231555",0.0159708959083398,0.0255624328393376,0.297422559082651,0.347889874443401,-0.327271090805789,0.922116208971091,-0.000884613817685231,0.347889874443401,0.369024450850576,0.243953594515591,-0.254838555745438,0.992887457446589,-0.669379639547657,0.0700538065142639,-1.39441189703955,0.0556526179442328,0.0173543218279248,0.124151659235227,-0.321954501129582,0.46115709128078,-1.18396997436895,0.540060972109783,-3.59943301786721,0.00848363635178563,-6.26281383157524,-0.936052204159179,3.34530564671328,0.0255624328393376,0.415599882688037,6.27501141073853,0.0486193524175198,0.0269775367628699,0.0700538065142639,"Low_0_0.06_0.2",-0.185070539112488,-0.562219060703956,0.192077982478979,0.329714633860265,0.329714633860265,-0.000588115197450056,"High_0.22_0.46_1",0.444471057583662,0.0877242947095755,0.801217820457749,0.0153640240938289,0.0153640240938289,0.068873189250452,0.123784502185456,0.33799229729274,0.538223200521804,0.0486193524175198,0.445990146627912,0.162087518546166,0.0154539743696507,"CTCF31446",-0.696536934489459,0.0377586928371343,"chr12",120231555,120231612.5,120398491,"A","C","PRAD_75502",120398102,120398603,138.5,120194710,"protein_coding","-","sigHigh",166936,203781,36845,-57.5,"Within"
"rs6480445_chr10:69789100_HK1",3609,"HK1","rs6480445","chr10:69789100",0.0176163739174343,0.00457265435249012,-0.179622170929612,0.482446549071555,-0.684217370916012,0.324973029056788,-0.0039822243134473,0.482446549071555,-0.178193079457254,0.489187415851464,-0.686612552734335,0.330226393819828,-0.0243191653867226,0.947048801582921,-0.747579045138537,0.698940714365092,-0.0119782299089521,0.780443325774568,1.51434560782363,0.018963277062156,0.253598903782103,2.77509231186515,2.12077610823836,0.0111642968206789,0.491342358355898,3.75020985812082,-3.07277908834772,0.0045726543524901,-5.17850251146983,-0.967055665225601,0.0441643718376401,0.0351180054219185,0.947048801582885,"Low_0_0.47_0.7",0.0129102497541791,-0.28041889325927,0.306239392767628,0.930524914274861,0.93052491427486,-0.010904102551077,"High_0.71_0.81_1",-0.586818915757145,-1.03870570281992,-0.134932128694369,0.0125016143367687,0.0125016143367687,0.149580059122027,0.0581118383241125,0.00119663255220487,0.940691529123683,0.0441643718376402,0.241876540480231,0.348171408995847,0.00698822886784873,"CTCF33974",-0.778459798352805,0.00678683080781405,"chr10",69789100,69789356,70192691,"C","T","PRAD_61674",70192298,70192799,142.5,69269984,"protein_coding","+","sigHigh",403591,922707,519116,-256,"Within"
"rs7917515_chr10:23293234_PIP4K2A",5786,"PIP4K2A","rs7917515","chr10:23293234",0.0227589448718823,0.0359525341158955,-0.155320386771643,0.528113171865531,-0.64117802727787,0.330537253734584,-0.00474494931928127,0.528113171865532,-0.181051350813079,0.459110139583737,-0.663568865745999,0.301466164119842,-1.10516599653379,0.0754047056806553,-2.32511215061251,0.114780157544928,0.0126092030638959,0.167768507942802,-1.73988608472467,0.0262421624104029,-3.27074438501275,-0.209027784436602,-2.70788848090265,0.00607420297013385,-4.62775430179056,-0.788022660014747,3.68964151264722,0.0359525341158952,0.245785940239623,7.13349708505481,0.0394783785811295,0.0462049803915812,0.0754047056806553,"Low_0_0.34_0.45",-0.415974460642375,-0.760466138600795,-0.0714827826839552,0.0185533116214157,0.0185533116214158,0.0537134200237287,"High_0.47_0.58_0.8",0.19517823617043,-0.210528732166311,0.600885204507171,0.336964497117922,0.336964497117922,-0.0013366086614226,0.0599503786468937,0.3929952728619,0.547054348491206,0.0394783785811296,-0.163933355957428,0.509241361733443,0.00346507187067509,"CTCF32794",-0.722872856486125,0.0150529623090581,"chr10",23293234,23293328.5,23469859,"A","G","PRAD_60320",23469559,23470060,49.5,22714555,"protein_coding","-","sigLow",176625,755304,578679,-94.5,"Within"
"rs74140308_chr10:77756773_POLR3A",5942,"POLR3A","rs74140308","chr10:77756773",0.000149962185723075,0.0460864065704822,-0.342717918904085,0.418322972628444,-1.17797480348788,0.492538965679714,-0.00268954347999117,0.418322972628444,-0.321415977002543,0.424517982208782,-1.1153463673224,0.472514413317315,2.19773314589159,0.000217756511281827,1.05577177284973,3.33969451893345,0.0943937400762801,0.000754843197404868,2.46027136891539,0.0892424203075012,-0.382716542846663,5.30325928067743,2.6268171869943,3.20941334422658e-05,1.42232737027153,3.83130700371707,-6.85914165477921,0.0460864065704818,-13.5972942909886,-0.120989018569852,0.116029784023762,0.000376039435992625,0.000217756511281824,"Low_0.05_0.28_0.38",0.406350651631138,-0.0685277664216191,0.881229069683895,0.0918857138145167,0.0918857138145167,0.0361642887305423,"High_0.39_0.51_0.83",-0.560353259546932,-0.942409910651741,-0.178296608442124,0.00461208031182586,0.00461208031182586,0.0925189330199999,0.0357290476462262,0.757890746295083,0.206380206058691,0.116029784023762,-0.0668159475499207,0.875881924872565,0.000194368754119084,"CTCF34374",-0.846063756731262,0.00188633442068585,"chr10",77756773,77756774,77711668,"G","C","PRAD_62103",77711348,77711849,69.5,78029545,"protein_coding","-","sigHigh",-45105,-317877,-272772,-1,"Cross"
"rs3847964_chr12:120231555_POP5",5945,"POP5","rs3847964","chr12:120231555",0.0357844080757022,0.0123232243263661,-0.325459537102404,0.249590364717018,-0.882288947327516,0.231369873122708,0.00265368329290561,0.249590364717019,-0.341850596039722,0.229902757927265,-0.902616543124036,0.218915351044593,0.225847576171816,0.5413598856151,-0.503989028781712,0.955684181125344,-0.00231748129034126,0.428523663790406,0.450274277916428,0.282744197205176,-0.375800255115717,1.27634881094857,1.02443395705313,0.034314415266828,0.0769326496770909,1.97193526442916,-2.91078964697937,0.0123232243263661,-5.17908048795709,-0.642498806001655,0.0395664348651921,0.0459687235107468,0.541359885615101,"Low_0_0.06_0.22",0.143653261664761,-0.224865738165788,0.51217226149531,0.438390632519051,0.438390632519052,-0.00667375097278744,"High_0.23_0.47_1",-0.434173034450527,-0.781617494038778,-0.0867285748622755,0.0151074601446455,0.0151074601446455,0.0723400964917114,0.176656872811561,0.0396678640990856,0.783675263089354,0.0395664348651922,0.30259715691689,0.288893339741227,0.00892218395476801,"CTCF31446",-0.696536934489459,0.0377586928371343,"chr12",120231555,120231612.5,119930526,"G","T","PRAD_75450",119930116,119930617,159.5,120581398,"protein_coding","-","sigHigh",-301029,-650872,-349843,-57.5,"Within"
"rs10998893_chr10:69789100_PRF1",6114,"PRF1","rs10998893","chr10:69789100",0.0197655267278152,0.0179891143520259,0.181272334897026,0.505727845387513,-0.356223558416672,0.718768228210724,-0.00438574696120009,0.505727845387513,0.167641051978367,0.53640473380732,-0.367516048273425,0.702798152230158,-0.543726848945595,0.134750099279045,-1.25856663072554,0.171112932834355,0.00560678430771899,0.260932270603896,-1.21338892364289,0.0580146610934621,-2.46861952276434,0.0418416754785571,-1.30071612267016,0.00705163689849142,-2.24031758914788,-0.361114656192441,2.53135471746601,0.0179891143520259,0.441755214338069,4.62095422059394,0.0420032129359359,0.0398709282903462,0.134750099279046,"Low_0_0.26_0.47",-0.376417216038167,-0.761022112527274,0.00818768045093948,0.0548065226018523,0.0548065226018522,0.0756842894392581,"High_0.5_0.69_1",0.282138292707806,-0.0210545231855443,0.585331108601157,0.067778027292504,0.067778027292504,0.0261720797097462,0.0505339859615304,0.278500730132453,0.670965283906017,0.042003212935936,-0.103190172821709,0.707469308535049,0.00112141600301796,"CTCF33974",-0.778459798352805,0.00678683080781405,"chr10",69789100,69789356,69650558,"A","G","PRAD_61635",69650168,69650669,139.5,70602775,"protein_coding","-","sigNone",-138542,-952217,-813675,-256,"Within"
"rs2812508_chr10:69789100_PRF1",6119,"PRF1","rs2812508","chr10:69789100",0.0345200199829235,0.0317078712624153,0.290063529060247,0.27283994533299,-0.231135496614612,0.811262554735106,0.00167429026819044,0.27283994533299,0.264733718825466,0.315641809772899,-0.255307884927443,0.784775322578376,-0.527237035739765,0.146519233317378,-1.24144209636742,0.186968024887889,0.0105835769300944,0.190694395873505,-1.12678314296055,0.105416321809363,-2.49413199943119,0.240565713510078,-1.49597821464904,0.00980847086049451,-2.62481066655135,-0.367145762746738,2.40396082942839,0.0317078712624154,0.213964123635514,4.59395753522127,0.0391809256902402,0.0470116666739532,0.146519233317377,"Low_0_0.37_0.61",-0.242728544996657,-0.562004790111208,0.0765477001178938,0.133446117576365,0.133446117576366,0.0222126383290387,"High_0.62_0.73_1",0.440250568936159,0.085573911889855,0.794927225982463,0.0157552187316559,0.0157552187316559,0.0702565917028991,0.140948548189057,0.281902465648349,0.577148986162593,0.0391809256902403,-0.197746321462944,0.459324230413261,0.00435333132064682,"CTCF33974",-0.778459798352805,0.00678683080781405,"chr10",69789100,69789356,69662294,"C","T","PRAD_61636",69662196,69662697,-152.5,70602775,"protein_coding","-","sigHigh",-126806,-940481,-813675,-256,"Within"
"rs117426293_chr12:120231555_PXN",6278,"PXN","rs117426293","chr12:120231555",0.00986490702873684,0.0105243257365281,-0.240752524670688,0.342005248574416,-0.740266409638928,0.258761360297552,-0.000711082554297304,0.342005248574415,-0.282428930777555,0.264503223335659,-0.781126469624842,0.216268608069733,-0.603717926221668,0.1017371758526,-1.32846620892535,0.121030356482015,0.0127495265645313,0.166284845173682,-1.06526222601148,0.00711992880297524,-1.83572441178305,-0.294800040239903,-2.12699506452956,0.00242828477587219,-3.48694262478114,-0.767047504277985,3.07730474570644,0.010524325736528,0.732488328553632,5.42212116285924,0.0561472822537917,0.0171744208800179,0.101737175852599,"Low_0_0.11_0.33",-0.283770260025671,-0.643120062392882,0.0755795423415407,0.11987709067099,0.11987709067099,0.0192975346015666,"High_0.36_0.52_1",0.183188140510359,-0.249852232990846,0.616228514011564,0.399555222191911,0.399555222191911,-0.00548184609757207,0.107941172346452,0.252789197927604,0.639269629725944,0.0561472822537917,-0.287825624131204,0.259847856799009,0.01006496617036,"CTCF31446",-0.696536934489459,0.0377586928371343,"chr12",120231555,120231612.5,119989101,"G","A","PRAD_75453",119988607,119989108,243.5,120265771,"protein_coding","-","sigNone",-242454,-276670,-34216,-57.5,"Cross"
"rs12302189_chr12:120231555_RAB35",6357,"RAB35","rs12302189","chr12:120231555",0.0082753500630774,0.00367260185020728,-0.219660968040787,0.418743225541963,-0.75549388473795,0.316171948656376,-0.0026989875700052,0.418743225541964,-0.226643618776848,0.404055809932578,-0.762399315386151,0.309112077832456,-0.390263685516412,0.289795831794522,-1.116814303754,0.33628693272118,-0.00166444559268042,0.411419069093414,0.701630239059846,0.0887329989997131,-0.107837789600359,1.51109826772005,0.724647503598943,0.164570137493427,-0.301209511264973,1.75050451846286,-3.32526507876401,0.00367260185020728,-5.54784132269596,-1.10268883483206,0.0569486401373279,0.016361402163345,0.289795831794524,"Low_0_0.09_0.3",0.164964245921537,-0.167494004068762,0.497422495911837,0.325457127083846,0.325457127083846,-0.000276810783102377,"High_0.33_0.49_1",-0.422786640454193,-0.7836174695443,-0.0619558113640855,0.0224475679330287,0.0224475679330287,0.0708806176843824,0.0676860580644519,0.110410736954899,0.821903204980649,0.0569486401373279,-0.0745994187277131,0.785727978816297,0.000588738605059256,"CTCF31446",-0.696536934489459,0.0377586928371343,"chr12",120231555,120231612.5,120761526,"G","A","PRAD_75537",120761468,120761969,-192.5,120117502,"protein_coding","-","sigHigh",529971,644024,114053,-57.5,"Within"
"rs4390448_chr13:26706484_RASL11A",6468,"RASL11A","rs4390448","chr13:26706484",0.0323260570217454,0.0108844513563818,0.375837261185499,0.153326934601841,-0.141914155407112,0.89358867777811,0.00830562526188228,0.153326934601841,0.371223394806209,0.159652384815527,-0.148119487646378,0.890566277258795,-0.124366517370307,0.551282871056345,-0.53634033517577,0.287607300435156,0.00321852130935774,0.303138247438673,1.14211115749423,0.00437481801548984,0.363441158168241,1.92078115682022,0.665616786956401,0.0722759979188729,-0.0611126392122225,1.39234621312502,-1.5915810208865,0.0108844513563818,-2.81005063465779,-0.373111407115207,0.0465734584147359,0.0304609899307489,0.551282871056341,"Low_0_0_0",0.67027697045754,0.220856323365284,1.1196976175498,0.00422205417536466,0.00422205417536469,0.130529301832982,"High_0.2_0.81_1",-0.0721915087487432,-0.442096354605951,0.297713337108464,0.698388068999716,0.698388068999717,-0.0117619517844436,0.230273495286795,0.04349121880779,0.726235285905415,0.0465734584147361,-0.0879102324233468,0.741583199717906,0.000866071892316148,"CTCF58276",-0.623748777276338,0.0427014003737658,"chr13",26706484,26706645.5,26699039,"C","G","PRAD_76501",26698572,26699073,216.5,27270327,"protein_coding","+","sigLow",-7445,-571288,-563843,-161.5,"Within"
"rs3847964_chr12:120231555_RNF10",6675,"RNF10","rs3847964","chr12:120231555",0.0329647522576192,0.00922320415388818,0.299681515802453,0.289269572052804,-0.257597475774682,0.856960507379588,0.00104252802513671,0.289269572052804,0.296040008159093,0.299195692337655,-0.265978647440982,0.858058663759169,0.0501752618918035,0.89223036056421,-0.681291742580263,0.78164226636387,-0.00680068545545454,0.566385547567376,1.12109214618456,0.00822788748278909,0.294897669030869,1.94728662333826,0.881957500534928,0.067850365850063,-0.0656813818509123,1.82959638292077,-3.03178614956066,0.00922320415388823,-5.30040634114957,-0.763165957971753,0.0392875091292215,0.0467210789232132,0.892230360564199,"Low_0_0.01_0.12",0.825373264647341,0.412671616826112,1.23807491246857,0.00024437308827982,0.000244373088279821,0.282976122563405,"High_0.14_0.4_1",-0.0318264600794939,-0.336880245156182,0.273227324997195,0.836185879655019,0.836185879655019,-0.0111221603114291,0.141364171753921,0.00471881627258155,0.853917011973497,0.0392875091292214,0.30259715691689,0.288893339741227,0.00892218395476801,"CTCF31446",-0.696536934489459,0.0377586928371343,"chr12",120231555,120231612.5,119930526,"G","T","PRAD_75450",119930116,119930617,159.5,120533480,"protein_coding","+","sigLow",-301029,-602954,-301925,-57.5,"Within"
"rs3847964_chr12:120231555_RP11-173P15.9",6872,"RP11-173P15.9","rs3847964","chr12:120231555",0.0479042155668431,0.0141060296726604,-0.548988923624891,0.0509729651570965,-1.10033596733925,0.00235812008946579,0.0221961167263099,0.0509729651570963,-0.544527514042945,0.0548488364707616,-1.10054190182635,0.0114868737404583,-0.0614724493545811,0.866759333524222,-0.785124902209637,0.662180003500475,0.0145965040866218,0.147919156354904,-1.31518445188534,0.0018900790519985,-2.1350520638612,-0.495316839909486,-0.838415776255718,0.0800821313119107,-1.77879779163031,0.101966239118873,2.83190227929727,0.0141060296726605,0.580654818329065,5.08314974026547,0.0539451357614097,0.0196146207553133,0.86675933352423,"Low_0_0.06_0.2",-0.734304601772665,-1.1433617651139,-0.325247438431428,0.000688772863198572,0.000688772863198571,0.175766823188218,"High_0.22_0.46_1",0.126075023611663,-0.179643968114304,0.431794015337629,0.413516899089693,0.413516899089694,-0.0046382235187048,0.38695864194125,0.00776582038398424,0.605275537674765,0.0539451357614096,0.30259715691689,0.288893339741227,0.00892218395476801,"CTCF31446",-0.696536934489459,0.0377586928371343,"chr12",120231555,120231612.5,119930526,"G","T","PRAD_75450",119930116,119930617,159.5,120703867,"lincRNA","+","sigLow",-301029,-773341,-472312,-57.5,"Within"
"rs4390448_chr13:26706484_RPL21",7132,"RPL21","rs4390448","chr13:26706484",0.00676489177351278,0.00173352055332428,-0.315049430297563,0.231898321931012,-0.834059924730216,0.203961064135091,0.00347651777588098,0.231898321931011,-0.312134040248466,0.238036136361441,-0.833187660436721,0.208919579939789,0.0785841802462447,0.707347180482918,-0.334746696989587,0.491915057482076,-0.00335917639554673,0.457267080804638,0.63297959112832,0.106611093024593,-0.13779985613505,1.40375903839169,1.04710907533062,0.00467192586236468,0.327743868122001,1.76647428253925,-1.95128913842828,0.00173352055332427,-3.15741154743696,-0.745166729419597,0.0657984055230882,0.0095274296882594,0.707347180482927,"Low_0_0.28_0.83",0.104941650330726,-0.226047076554952,0.435930377216404,0.530365600881954,0.530365600881954,-0.00667329944522388,"High_0.85_0.94_1",-1.11110103061634,-1.64405515605765,-0.578146905175024,0.000163429209564881,0.00016342920956488,0.326283256198239,0.127626488668757,0.0139724563104034,0.858401055020839,0.0657984055230884,-0.0879102324233468,0.741583199717906,0.000866071892316148,"CTCF58276",-0.623748777276338,0.0427014003737658,"chr13",26706484,26706645.5,26699039,"C","G","PRAD_76501",26698572,26699073,216.5,27251309,"protein_coding","+","sigHigh",-7445,-552270,-544825,-161.5,"Within"
"rs3847964_chr12:120231555_SRSF9",7984,"SRSF9","rs3847964","chr12:120231555",0.0129764411862512,0.0116207712620979,0.216957624748245,0.443449272607245,-0.341511950883282,0.775427200379772,-0.0032304243928325,0.443449272607244,0.176250006729122,0.533079325349792,-0.381820701549883,0.734320715008128,0.56089828585848,0.128951301636728,-0.165430467112534,1.28722703882949,0.00729434639042248,0.234651971263665,0.970923142333778,0.020958589967004,0.149165297113612,1.79268098755394,1.36205371502287,0.00496948144462257,0.419503616262805,2.30460381378293,-2.92015364231413,0.011620771262098,-5.17659143246442,-0.663715852163834,0.0495777823449509,0.0254806647852841,0.128951301636727,"Low_0_0.06_0.2",0.540136909017268,0.155335841102963,0.924937976931574,0.006792366815816,0.006792366815816,0.109884182137081,"High_0.22_0.46_1",-0.289888789741569,-0.620320249143402,0.0405426696602632,0.0845337941435555,0.0845337941435551,0.028629164337863,0.0536094795097539,0.264701221809914,0.681689298680332,0.0495777823449509,0.30259715691689,0.288893339741227,0.00892218395476801,"CTCF31446",-0.696536934489459,0.0377586928371343,"chr12",120231555,120231612.5,119930526,"G","T","PRAD_75450",119930116,119930617,159.5,120469793,"protein_coding","-","sigLow",-301029,-539267,-238238,-57.5,"Within"
"rs2019499_chr12:43776561_TMEM117",8558,"TMEM117","rs2019499","chr12:43776561",0.0173402338824908,0.00617629026096693,-0.129348461617653,0.585192905127834,-0.597121953354592,0.338425030119286,-0.00554670709361638,0.585192905127834,-0.111830739064532,0.639066297952192,-0.58258770223212,0.358926224103055,0.641985524497356,0.444934229694461,-1.0160410827801,2.30001213177481,-0.00885159946531533,0.643203920842711,-2.98501121521488,0.00552793009031758,-5.07713842038247,-0.892884010047286,-1.52455757749986,0.17867299306383,-3.75561163880478,0.706496483805062,5.95414253816334,0.00617629026096693,1.72401316828921,10.1842719080375,0.042918837126765,0.0377864392712756,0.444934229694464,"Low_0.29_0.37_0.43",-0.579459571451184,-1.05200517704051,-0.106913965861856,0.0177827080500156,0.0177827080500156,0.133187299368833,"High_0.44_0.55_0.77",0.274114092881336,-0.0154073502423935,0.563635536005066,0.063215083770067,0.0632150837700673,0.026835183593264,0.03148988209293,0.0758829801726355,0.892627137734435,0.042918837126765,-0.257579751196315,0.28052498288426,0.00923622070473927,"CTCF28702",-0.635352461512953,0.0475896012344182,"chr12",43776561,43776693.5,43179998,"C","T","PRAD_72245",43179930,43180431,-182.5,43835967,"protein_coding","+","sigLow",-596563,-655969,-59406,-132.5,"Cross"
"rs4390448_chr13:26706484_USP12",9324,"USP12","rs4390448","chr13:26706484",0.0418005179034013,0.0119641588966,0.529764895693079,0.0432935629824022,0.0162147094212117,1.04331508196495,0.0243342935768462,0.0432935629824021,0.530458468454913,0.0439467611817257,0.0146116125263079,1.04630532438352,0.0186952160815342,0.928097731044218,-0.390505344511984,0.427895776675052,0.0165932896605944,0.130306540777123,1.28643240110291,0.00130513865852256,0.512478183868542,2.06038661833728,0.793395262189041,0.0316034459442968,0.0710670555567353,1.51572346882135,-1.56078980848269,0.0119641588965999,-2.77188012526196,-0.349699491703418,0.0580867747480576,0.0152703262467002,0.928097731044236,"Low_0_0.1_0.64",0.531364611290029,0.142965386996369,0.919763835583689,0.00809136910124896,0.00809136910124896,0.0892186904912166,"High_0.67_0.87_1",-0.0426437215113023,-0.469597870071917,0.384310427049313,0.842279465344708,0.842279465344707,-0.0162611449954684,0.39888054394736,0.000438971567798467,0.600680484484841,0.0580867747480577,-0.0879102324233468,0.741583199717906,0.000866071892316148,"CTCF58276",-0.623748777276338,0.0427014003737658,"chr13",26706484,26706645.5,26699039,"C","G","PRAD_76501",26698572,26699073,216.5,27171896,"protein_coding","-","sigLow",-7445,-472857,-465412,-161.5,"Within"
"rs73148452_chr20:54198032_AL133335.1",309,"AL133335.1","rs73148452","chr20:54198032",0.00675078365191873,0.00271773527764138,0.0364256331071087,0.932805168415612,-0.816808997463561,0.889660263677778,-0.00787941347454701,0.932805168415612,0.0163542248320326,0.969837862172572,-0.837940318226209,0.870648767890274,-0.827308500092697,0.323155170065791,-2.47800037487737,0.82338337469198,-0.00800824998088512,0.610447984988628,-9.03628044588188,0.00303300078729319,-14.9508439586727,-3.12171693309103,-6.06336457617325,0.00172227767871884,-9.80885004480141,-2.31787910754509,12.8033777173083,0.00271773527764137,4.52046187498017,21.0862935596365,0.0551844807770804,0.018202908581116,0.32315517006579,"Low_0.42_0.66_0.77",-0.221609838710723,-0.581398066924845,0.1381783895034,0.224332856326835,0.224332856326835,0.00531049461125577,"High_0.78_0.82_0.91",0.682935698214922,0.186409749706929,1.17946164672292,0.00855726495194824,0.00855726495194824,0.171879470878316,0.000438939636333339,0.101052615405687,0.89850844495798,0.0551844807770809,-0.228909075780373,0.599270485067737,0.00219754349602918,"CTCF76911",-0.788843673802866,0.0037649144883238,"chr20",54198032,54198174.5,53865376,"T","C","PRAD_105808",53865236,53865737,-110.5,54249953,"protein_coding","+","sigHigh",-332656,-384577,-51921,-142.5,"Within"
"rs28502554_chr20:62703697_ARFGAP1",424,"ARFGAP1","rs28502554","chr20:62703697",0.0281637051660606,0.00927406987332733,-0.269120792270858,0.403289135860993,-0.904215403639566,0.365973819097851,-0.00234225845408442,0.403289135860995,-0.266754342562463,0.408690798478517,-0.903602275528844,0.370093590403918,0.208416180687158,0.557339024523136,-0.492630142227683,0.909462503601998,-0.0075705035988558,0.594098662166595,-2.46169109357756,0.00642348609429469,-4.21915435577739,-0.704227831377718,-0.423289833772916,0.316122178845206,-1.25566599494822,0.409086327402389,3.58712318692289,0.00927406987332736,0.900957003919105,6.27328936992667,0.0384765132832837,0.0489760489421151,0.557339024523137,"Low_0_0.41_0.64",-0.451772346118055,-0.758672808789346,-0.144871883446764,0.00454254693942931,0.00454254693942928,0.103783456036224,"High_0.67_0.77_1",0.272562502357727,-0.129093481646261,0.674218486361716,0.179675766348495,0.179675766348495,0.0138684428213365,0.0899038161741188,0.0456868627616085,0.864409321064273,0.0384765132832835,-0.0455551322080721,0.888637232395112,0.000156226116435052,"CTCF77292",-0.78344412511108,0.00630272562741622,"chr20",62703697,62703588.5,62590368,"A","G","PRAD_106204",62590276,62590777,-158.5,63272785,"protein_coding","+","sigLow",-113329,-682417,-569088,108.5,"Within"
"rs28580788_chr20:62703697_ARFGAP1",426,"ARFGAP1","rs28580788","chr20:62703697",0.0303759486224096,0.0114706892910259,-0.428063754319291,0.179184763064625,-1.05519894221511,0.199071433576531,0.00645120992558201,0.179184763064626,-0.455623001988057,0.1563427094562,-1.08794726399398,0.176701260017868,0.269483603992652,0.448709462358095,-0.43231848363321,0.971285691618513,0.00310876943862193,0.305231414637037,-2.15650741217604,0.00388346380684417,-3.60694275717227,-0.70607206717981,-2.05447029615445,0.0361276798043137,-3.97392275767524,-0.135017834633671,3.05008995314054,0.0114706892910259,0.697617454801109,5.40256245147997,0.0457487582481745,0.0319841127049951,0.448709462358096,"Low_0_0.46_0.7",-0.407566581983781,-0.711313130687475,-0.103820033280086,0.00916940756845993,0.00916940756845992,0.0695310572912784,"High_0.71_0.81_1",0.207935590367589,-0.292199864576081,0.70807104531126,0.406410928572127,0.406410928572127,-0.00679563775599479,0.221391398281457,0.0540194845539606,0.724589117164582,0.0457487582481748,0.410304685028706,0.202069778480009,0.0128830781611893,"CTCF77292",-0.78344412511108,0.00630272562741622,"chr20",62703697,62703588.5,62590721,"A","G","PRAD_106204",62590276,62590777,194.5,63272785,"protein_coding","+","sigLow",-112976,-682064,-569088,108.5,"Within"
"rs13041431_chr20:59560588_PPP1R3D",4806,"PPP1R3D","rs13041431","chr20:59560588",0.0147730102942072,0.0154843181809646,-0.323838566471284,0.344641815599807,-0.999433657957206,0.351756525014637,-0.000789323825127308,0.344641815599807,-0.350381018751406,0.304253627945895,-1.0225899565122,0.321827919009386,-1.10974686735574,0.109868117349192,-2.4737223604228,0.254228625711317,0.0117045365837571,0.177651290712606,2.56339360693247,0.0396501739392109,0.123312427998903,5.00347478586604,0.165329610277355,0.846508570318519,-1.52161114624837,1.85227036680308,-6.35925157320088,0.0154843181809645,-11.4866970953445,-1.23180605105731,0.0499054427596477,0.0249875158570357,0.109868117349192,"Low_0.12_0.33_0.41",0.377446300342615,-0.00918017604181937,0.76407277672705,0.0554631028504484,0.0554631028504484,0.0561806592219829,"High_0.42_0.54_0.81",-0.461240749214823,-0.790319444064484,-0.132162054365162,0.00662265461384347,0.00662265461384351,0.0800747186660445,0.106237463778395,0.270663217778473,0.623099318443132,0.0499054427596477,-0.188306209398505,0.5864412754083,0.00235525971768897,"CTCF77136",-0.787404670395897,0.00714461794906493,"chr20",59560588,59560873.5,58979526,"A","T","PRAD_106085",58979030,58979531,245.5,59940297,"protein_coding","-","sigHigh",-581062,-960771,-379709,-285.5,"Within"
